datetime,open,high,low,close,volume
2021-01-01,3.1894,3.8455,3.0479,3.6541,15285985.0
2021-01-02,3.6565,3.945,3.2954,3.505,9313951.0
2021-01-03,3.5046,3.8508,3.4002,3.4907,8124433.0
2021-01-04,3.4927,3.8861,3.2,3.6036,9918202.0
2021-01-05,3.6034,4.3703,3.4648,4.2626,12610791.0
2021-01-06,4.2632,4.9949,4.1491,4.5808,9356697.0
2021-01-07,4.5808,4.8294,4.1735,4.4722,6930303.0
2021-01-08,4.4765,5.8591,4.03,5.7084,12980609.0
2021-01-09,5.6965,7.4707,5.5763,7.1895,13126244.0
2021-01-10,7.1915,7.509,6.151,6.5449,7858043.0
2021-01-11,6.5428,6.9974,5.6944,6.4571,9132710.0
2021-01-12,6.4587,8.2125,6.3814,7.7118,10952556.0
2021-01-13,7.7083,8.4953,7.1157,8.4617,7971177.0
2021-01-14,8.4608,9.6014,8.202,9.3204,8801902.0
2021-01-15,9.3284,9.9147,8.5623,9.3586,7746718.0
2021-01-16,9.3597,13.6592,9.1269,12.7952,11311763.0
2021-01-17,12.7817,14.71,12.3,13.1289,11329178.0
2021-01-18,13.1177,13.8446,12.5001,12.6751,5699519.0
2021-01-19,12.6709,13.3783,11.5493,11.7022,5833508.0
2021-01-20,11.7,13.0461,11.0001,12.3692,5805590.0
2021-01-21,12.3723,12.9712,11.03,11.2759,5857361.0
2021-01-22,11.2633,13.3849,10.6259,12.7114,7382684.0
2021-01-23,12.7217,13.4883,12.499,12.8923,6075166.0
2021-01-24,12.8864,13.1916,12.1253,12.4682,4876524.0
2021-01-25,12.4683,12.9238,12.023,12.1388,4088131.0
2021-01-26,12.132,12.6994,11.3217,12.1862,4796646.0
2021-01-27,12.1784,12.1888,10.7487,11.1092,4713927.0
2021-01-28,11.0982,12.7494,10.7474,11.9178,5206881.0
2021-01-29,11.915,12.6302,11.2054,11.5976,5527690.0
2021-01-30,11.5878,12.6498,11.2229,12.0375,4852804.0
2021-01-31,12.0268,15.3716,11.8195,13.4644,8791829.0
2021-02-01,13.477,13.5681,12.5,13.2448,5309099.0
2021-02-02,13.2359,13.7104,12.75,13.4628,4411499.0
2021-02-03,13.4573,14.9704,13.19,14.8534,5119081.0
2021-02-04,14.8589,15.9105,13.8453,15.29,5788645.0
2021-02-05,15.29,18.0348,15.1286,17.8632,5349453.0
2021-02-06,17.8663,18.6521,15.6618,18.119,5430834.0
2021-02-07,18.1152,24.4766,17.9201,23.7402,9294335.0
2021-02-08,23.7402,33.8769,23.5208,30.1671,9744405.0
2021-02-09,30.1757,33.2586,27.51,31.9082,6257202.0
2021-02-10,31.9082,60.6595,31.4158,54.9172,13086334.0
2021-02-11,54.8184,56.8888,42.5849,47.5001,8229067.0
2021-02-12,47.5001,54.7,43.6699,48.4247,6795565.0
2021-02-13,48.4208,52.26,43.4426,44.2039,5572822.0
2021-02-14,44.2771,45.9415,38.0,39.2,6974700.0
2021-02-15,39.1981,44.2897,32.0,38.1642,7917358.0
2021-02-16,38.1642,39.5483,35.0,36.6762,6309298.0
2021-02-17,36.678,41.8866,34.1,37.1984,6702587.0
2021-02-18,37.1821,44.0619,36.2223,41.1329,6820750.0
2021-02-19,41.1293,41.4999,37.5182,38.8859,5555606.0
2021-02-20,38.9146,43.1,31.4357,36.0081,7078919.0
2021-02-21,35.9943,38.1507,34.8851,36.2344,5202783.0
2021-02-22,36.2392,36.34,24.3366,32.2924,6749782.0
2021-02-23,32.1916,32.4821,22.4171,27.5483,6954447.0
2021-02-24,27.5565,31.98,25.1929,29.6555,6643391.0
2021-02-25,29.6534,32.1873,26.3417,26.7276,5966767.0
2021-02-26,26.685,27.993,24.8608,25.9372,5341277.0
2021-02-27,25.9721,27.3941,24.8742,25.677,4979058.0
2021-02-28,25.6585,25.8503,22.1,23.925,5169128.0
2021-03-01,23.9361,27.8482,23.5273,27.4816,5502307.0
2021-03-02,27.4891,31.856,25.866,27.1118,7963814.0
2021-03-03,27.1369,29.5608,26.5439,27.2227,6222627.0
2021-03-04,27.2197,28.8871,24.238,25.7677,6013102.0
2021-03-05,25.764,25.7909,23.5,24.2636,5054788.0
2021-03-06,24.2808,25.535,23.8451,24.9377,4506263.0
2021-03-07,24.9483,28.045,24.9483,26.7401,6162470.0
2021-03-08,26.7374,27.1676,25.168,25.63,5979402.0
2021-03-09,25.6374,34.85,23.8401,34.3501,13987997.0
2021-03-10,34.35,35.8785,28.5695,29.6156,12317101.0
2021-03-11,29.6292,32.9715,28.4502,30.8663,9168762.0
2021-03-12,30.8642,31.6879,26.73,28.0242,8288599.0
2021-03-13,28.0307,33.2922,26.85,30.9576,8339709.0
2021-03-14,30.9704,32.4159,28.8123,28.8123,7069839.0
2021-03-15,28.8147,30.6783,26.92,28.9611,7740086.0
2021-03-16,28.9484,33.3001,27.5613,33.0058,8587393.0
2021-03-17,33.0308,34.1075,30.684,32.7399,8022195.0
2021-03-18,32.7263,35.7727,31.8932,33.2432,8555360.0
2021-03-19,33.2499,38.5075,31.2757,37.3661,10215337.0
2021-03-20,37.3501,39.4065,34.2,34.231,6856902.0
2021-03-21,34.2453,35.4897,32.0208,32.8665,7128394.0
2021-03-22,32.8668,33.6978,28.2,29.193,7263467.0
2021-03-23,29.1945,30.9656,28.1,28.4859,6897491.0
2021-03-24,28.4885,30.5649,24.45,25.8228,8070606.0
2021-03-25,25.8078,27.5561,24.3,25.8246,7493878.0
2021-03-26,25.8219,28.9184,25.8074,28.2868,6606000.0
2021-03-27,28.2826,28.68,26.8549,27.6364,6096887.0
2021-03-28,27.6376,29.6279,27.25,28.7914,6298693.0
2021-03-29,28.7961,30.4297,28.2746,29.6,6175481.0
2021-03-30,29.6053,30.9199,29.045,29.6998,5593888.0
2021-03-31,29.6949,30.0669,25.7487,28.8004,6193299.0
2021-04-01,28.8117,29.4582,27.8124,28.3045,4440778.0
2021-04-02,28.3112,29.6847,28.0,29.1181,4511658.0
2021-04-03,29.1313,32.9799,27.8,28.177,9319921.0
2021-04-04,28.177,29.9709,27.4438,29.2138,4863746.0
2021-04-05,29.2263,33.1386,28.573,31.355,9313719.0
2021-04-06,31.355,34.6674,29.8842,31.5321,9359730.0
2021-04-07,31.54,32.8016,28.6,29.5754,7697716.0
2021-04-08,29.5689,31.7489,29.2607,30.7944,5055482.0
2021-04-09,30.7943,32.4921,30.3659,31.5737,5880722.0
2021-04-10,31.57,34.0,30.88,31.8805,8328309.0
2021-04-11,31.8967,32.4474,31.0168,31.6214,5405946.0
2021-04-12,31.6352,35.7,31.338,33.9088,9256496.0
2021-04-13,33.9117,35.0,31.8645,33.7292,8698978.0
2021-04-14,33.7431,39.4511,33.1,38.489,14743193.0
2021-04-15,38.4891,40.9226,36.3,37.0683,9656758.0
2021-04-16,37.0818,37.5902,33.0,35.5202,8541963.0
2021-04-17,35.5359,37.1,33.5639,33.9586,6584734.0
2021-04-18,33.9725,34.3897,19.6974,29.3351,13948447.0
2021-04-19,29.3381,30.6744,25.5276,26.1768,9588844.0
2021-04-20,26.1784,28.35,23.7501,27.4302,8597987.0
2021-04-21,27.4385,28.5385,25.7711,25.8407,7039609.0
2021-04-22,25.8408,27.8164,22.8922,23.97,7594666.0
2021-04-23,23.9752,24.7163,19.3141,23.5679,10043281.0
2021-04-24,23.5701,23.9365,21.4168,21.8333,6072872.0
2021-04-25,21.8346,23.7375,20.4168,21.6154,5432867.0
2021-04-26,21.6128,26.4936,21.3753,26.408,6860482.0
2021-04-27,26.4081,28.0106,25.7069,28.0003,5968716.0
2021-04-28,27.9921,29.1573,25.8558,28.2819,6238186.0
2021-04-29,28.2835,29.8,26.6236,27.9664,5792452.0
2021-04-30,27.9667,33.0517,27.51,32.8467,7196347.0
2021-05-01,32.845,35.7724,31.7484,31.853,7537884.0
2021-05-02,31.8531,32.7692,30.4231,31.2878,6214076.0
2021-05-03,31.2941,37.4899,31.153,35.9222,9942552.0
2021-05-04,35.9229,36.2525,29.8253,30.3941,9200486.0
2021-05-05,30.3626,35.722,29.8,35.3226,7653032.0
2021-05-06,35.3327,39.4696,34.51,38.103,11471931.0
2021-05-07,38.1073,44.0967,36.0017,37.8974,11672440.0
2021-05-08,37.887,39.8998,37.1307,38.4214,6948474.0
2021-05-09,38.429,39.4488,35.1365,39.025,6555891.0
2021-05-10,39.0246,41.9082,29.3968,34.6661,9552672.0
2021-05-11,34.6758,37.2753,32.6049,36.78,6453535.0
2021-05-12,36.781,41.56,31.494,32.992,9411317.0
2021-05-13,33.013,37.256,30.244,35.008,9262819.0
2021-05-14,34.996,38.058,33.264,37.017,5969040.0
2021-05-15,37.022,39.99,34.101,34.528,8462888.0
2021-05-16,34.53,39.711,32.5,36.652,8539681.0
2021-05-17,36.647,38.077,31.8,33.679,9263957.0
2021-05-18,33.655,37.731,33.262,36.966,7969948.0
2021-05-19,36.982,38.566,17.0,22.958,12921349.0
2021-05-20,22.99,28.132,20.697,25.022,10128658.0
2021-05-21,25.019,26.725,18.293,21.775,8176275.0
2021-05-22,21.775,22.129,18.211,18.746,7024210.0
2021-05-23,18.749,19.671,12.099,15.583,11889754.0
2021-05-24,15.585,20.574,15.031,19.422,9384011.0
2021-05-25,19.428,20.27,17.037,19.453,7023072.0
2021-05-26,19.46,21.442,18.925,20.816,6786259.0
2021-05-27,20.822,21.227,18.745,19.119,5592493.0
2021-05-28,19.126,19.569,16.002,16.716,6509507.0
2021-05-29,16.737,17.589,15.138,16.152,5562172.0
2021-05-30,16.16,17.437,15.068,16.497,4876360.0
2021-05-31,16.502,18.172,15.642,18.124,4870750.0
2021-06-01,18.121,18.565,17.054,17.751,4695255.0
2021-06-02,17.751,19.423,17.123,18.686,5264214.0
2021-06-03,18.686,20.697,18.22,20.262,5400006.0
2021-06-04,20.267,20.557,17.406,18.224,5321907.0
2021-06-05,18.231,19.129,16.838,17.202,5561113.0
2021-06-06,17.2,17.979,17.043,17.375,4187272.0
2021-06-07,17.372,18.052,15.276,15.52,6540528.0
2021-06-08,15.518,16.043,13.6,14.771,7904921.0
2021-06-09,14.772,15.75,13.616,15.392,7763085.0
2021-06-10,15.393,15.552,13.698,14.178,5946456.0
2021-06-11,14.181,14.599,13.117,13.405,5659381.0
2021-06-12,13.404,13.912,12.611,13.529,5660378.0
2021-06-13,13.531,14.975,13.228,14.734,6128278.0
2021-06-14,14.735,15.396,14.36,15.107,5056696.0
2021-06-15,15.107,15.572,14.59,14.716,4054737.0
2021-06-16,14.716,14.918,13.9,14.072,4137306.0
2021-06-17,14.074,15.486,14.009,14.846,5270072.0
2021-06-18,14.851,15.291,13.088,13.636,4614733.0
2021-06-19,13.633,14.037,13.191,13.365,3093684.0
2021-06-20,13.363,14.188,12.765,13.911,3555323.0
2021-06-21,13.91,14.059,11.041,11.168,6278267.0
2021-06-22,11.168,11.759,9.32,10.573,8320244.0
2021-06-23,10.573,11.795,10.117,11.449,5935411.0
2021-06-24,11.452,11.748,10.802,11.491,3974302.0
2021-06-25,11.493,11.76,10.172,10.227,4620374.0
2021-06-26,10.226,10.599,9.772,10.307,4169573.0
2021-06-27,10.306,10.978,10.07,10.949,2917659.0
2021-06-28,10.948,11.467,10.719,11.33,3249931.0
2021-06-29,11.334,12.333,11.078,11.92,4010926.0
2021-06-30,11.92,12.102,11.03,11.942,4300615.0
2021-07-01,11.943,12.083,10.961,11.184,3180876.0
2021-07-02,11.177,11.354,10.555,11.1,3451937.0
2021-07-03,11.099,11.672,10.859,11.491,2119828.0
2021-07-04,11.495,12.89,11.192,12.348,3495660.0
2021-07-05,12.349,12.436,11.51,12.028,4231827.0
2021-07-06,12.029,14.227,12.011,13.375,6720203.0
2021-07-07,13.37,14.195,13.027,13.087,5402067.0
2021-07-08,13.091,13.111,11.823,12.098,5145477.0
2021-07-09,12.098,12.865,11.613,12.556,4828743.0
2021-07-10,12.548,12.844,11.817,12.023,3197506.0
2021-07-11,12.023,12.482,11.906,12.428,2263363.0
2021-07-12,12.431,12.839,11.7,12.148,3615522.0
2021-07-13,12.145,12.435,11.737,11.907,3486683.0
2021-07-14,11.902,12.105,11.08,11.78,3893708.0
2021-07-15,11.78,12.096,11.119,11.392,3184718.0
2021-07-16,11.389,11.817,10.784,10.8,3504143.0
2021-07-17,10.799,11.133,10.697,10.954,2705455.0
2021-07-18,10.952,11.265,10.629,10.686,2397768.0
2021-07-19,10.686,10.752,10.014,10.179,2307441.0
2021-07-20,10.184,10.365,9.306,9.616,3153588.0
2021-07-21,9.619,10.746,9.454,10.436,3855871.0
2021-07-22,10.435,10.948,10.226,10.831,2894061.0
2021-07-23,10.832,11.171,10.522,11.085,2308842.0
2021-07-24,11.085,11.449,10.95,11.142,2594276.0
2021-07-25,11.144,11.331,10.755,11.242,2257979.0
2021-07-26,11.238,12.715,11.202,11.455,6792926.0
2021-07-27,11.453,12.36,11.172,11.921,3952398.0
2021-07-28,11.922,12.49,11.683,12.319,5003849.0
2021-07-29,12.329,12.653,11.961,12.432,4348093.0
2021-07-30,12.437,13.006,11.927,12.982,4182589.0
2021-07-31,12.982,13.645,12.583,13.554,3747649.0
2021-08-01,13.553,14.093,12.615,12.849,5104886.0
2021-08-02,12.846,13.381,12.624,12.995,3773287.0
2021-08-03,12.998,13.528,12.322,12.575,3937958.0
2021-08-04,12.575,13.791,12.411,13.707,3117705.0
2021-08-05,13.712,13.983,12.871,13.841,3954827.0
2021-08-06,13.841,15.078,13.403,14.784,4815812.0
2021-08-07,14.784,15.975,14.578,15.859,5756308.0
2021-08-08,15.862,16.13,14.574,14.837,4475457.0
2021-08-09,14.837,16.741,14.424,16.178,6806473.0
2021-08-10,16.183,17.204,15.812,16.449,5599526.0
2021-08-11,16.449,17.583,16.398,16.699,5421740.0
2021-08-12,16.696,17.572,15.465,16.606,5167884.0
2021-08-13,16.601,18.312,16.402,18.051,5170690.0
2021-08-14,18.052,18.46,17.188,18.116,4831822.0
2021-08-15,18.112,18.876,17.056,18.791,4177404.0
2021-08-16,18.791,21.159,18.47,19.109,8366609.0
2021-08-17,19.103,25.488,18.436,23.491,24242459.0
2021-08-18,23.502,30.902,21.45,30.034,37119073.0
2021-08-19,30.037,33.8,28.796,30.699,36018283.0
2021-08-20,30.695,39.38,30.0,39.2,26326434.0
2021-08-21,39.203,50.604,37.721,43.748,39107482.0
2021-08-22,43.768,45.11,40.559,43.788,22282892.0
2021-08-23,43.79,53.526,43.712,46.458,25981451.0
2021-08-24,46.444,59.0,44.184,55.592,36381766.0
2021-08-25,55.594,57.626,45.638,46.314,26608600.0
2021-08-26,46.301,48.519,41.008,41.35,24937492.0
2021-08-27,41.343,50.499,40.311,50.178,25901105.0
2021-08-28,50.191,51.888,46.13,50.296,17813049.0
2021-08-29,50.3,52.63,46.7,47.451,13386324.0
2021-08-30,47.453,48.415,40.989,41.476,15325174.0
2021-08-31,41.471,44.277,37.88,39.545,17521797.0
2021-09-01,39.549,45.682,38.6,42.565,19318954.0
2021-09-02,42.562,48.0,41.1,47.604,16712871.0
2021-09-03,47.616,51.841,44.5,45.96,26721522.0
2021-09-04,45.953,49.967,44.114,47.259,19285064.0
2021-09-05,47.259,49.52,45.5,48.195,16525099.0
2021-09-06,48.194,51.48,39.046,47.137,22375847.0
2021-09-07,47.136,47.26,28.872,37.976,26605478.0
2021-09-08,37.987,39.548,32.874,37.053,16381634.0
2021-09-09,37.053,44.715,36.212,40.782,21646846.0
2021-09-10,40.782,49.799,40.447,49.376,38583601.0
2021-09-11,49.374,59.175,48.147,57.108,38868669.0
2021-09-12,57.113,64.857,53.347,59.295,38519061.0
2021-09-13,59.3,60.93,47.991,53.142,39462196.0
2021-09-14,53.136,57.437,48.755,51.496,18661710.0
2021-09-15,51.491,58.209,50.283,57.903,15344885.0
2021-09-16,57.899,68.4,57.25,67.594,39057583.0
2021-09-17,67.593,70.937,60.419,70.166,28782754.0
2021-09-18,70.182,75.642,67.234,69.087,26155271.0
2021-09-19,69.085,76.333,66.537,70.076,25720225.0
2021-09-20,70.061,70.439,54.838,57.34,41595920.0
2021-09-21,57.33,66.279,52.53,59.048,44004882.0
2021-09-22,59.037,74.628,57.672,74.001,36682687.0
2021-09-23,74.001,79.6,72.807,76.446,32313709.0
2021-09-24,76.448,78.493,66.5,72.292,28003340.0
2021-09-25,72.298,72.618,67.454,68.246,13141529.0
2021-09-26,68.248,71.4,61.55,66.761,15757365.0
2021-09-27,66.756,72.78,65.337,66.323,16129878.0
2021-09-28,66.323,69.447,61.071,61.492,12863894.0
2021-09-29,61.486,69.661,61.273,65.474,18938673.0
2021-09-30,65.467,68.84,64.156,66.659,12539279.0
2021-10-01,66.661,69.59,63.1,67.687,14373509.0
2021-10-02,67.695,73.49,65.704,69.168,13216926.0
2021-10-03,69.149,71.729,67.547,68.774,10910827.0
2021-10-04,68.774,68.847,63.123,65.273,10768178.0
2021-10-05,65.275,66.857,62.637,64.674,7585804.0
2021-10-06,64.677,65.808,58.1,60.084,10780067.0
2021-10-07,60.086,62.32,57.415,61.596,11482986.0
2021-10-08,61.595,65.0,59.738,60.546,9520995.0
2021-10-09,60.556,62.109,59.702,60.715,4630538.0
2021-10-10,60.725,61.098,55.087,56.512,5709928.0
2021-10-11,56.511,59.273,53.704,55.344,7639480.0
2021-10-12,55.342,55.361,51.03,54.368,11337739.0
2021-10-13,54.361,57.12,53.237,55.035,9313262.0
2021-10-14,55.039,58.526,54.956,56.229,7463545.0
2021-10-15,56.224,57.257,54.5,56.417,7619015.0
2021-10-16,56.401,62.183,55.737,57.683,10801451.0
2021-10-17,57.671,58.599,53.2,56.116,6014299.0
2021-10-18,56.112,56.531,54.151,55.538,4056085.0
2021-10-19,55.524,58.159,55.188,56.87,5390634.0
2021-10-20,56.877,61.711,56.76,59.686,7037362.0
2021-10-21,59.684,64.464,58.789,61.518,13013798.0
2021-10-22,61.526,68.87,61.404,65.578,16339674.0
2021-10-23,65.578,69.23,64.525,65.525,8595610.0
2021-10-24,65.515,67.666,62.0,64.585,6024494.0
2021-10-25,64.585,69.95,64.4,69.793,6258663.0
2021-10-26,69.78,73.077,67.65,68.699,10149004.0
2021-10-27,68.697,69.831,56.0,61.585,11073071.0
2021-10-28,61.591,64.99,61.468,64.306,5358483.0
2021-10-29,64.316,66.242,63.441,64.924,3733289.0
2021-10-30,64.928,65.039,61.0,62.407,3109363.0
2021-10-31,62.399,64.531,60.093,64.519,3422756.0
2021-11-01,64.531,66.906,62.213,64.961,5498135.0
2021-11-02,64.978,68.088,64.351,67.826,3839197.0
2021-11-03,67.824,75.652,67.156,75.652,10420367.0
2021-11-04,75.652,81.128,74.0,78.978,11201948.0
2021-11-05,78.982,81.112,72.126,74.246,4915593.0
2021-11-06,74.244,78.799,72.381,78.791,4017506.0
2021-11-07,78.796,88.978,78.04,87.609,11671815.0
2021-11-08,87.605,97.0,83.676,91.241,15125864.0
2021-11-09,91.232,91.606,87.088,88.405,5451029.0
2021-11-10,88.421,94.206,78.07,85.189,9450691.0
2021-11-11,85.15,89.604,83.69,87.916,4322542.0
2021-11-12,87.919,89.989,81.2,84.855,4632380.0
2021-11-13,84.822,98.7,84.803,97.675,7291270.0
2021-11-14,97.677,99.967,91.765,95.406,7964799.0
2021-11-15,95.425,101.8,92.0,93.922,8643222.0
2021-11-16,93.909,101.911,82.8,97.898,14848248.0
2021-11-17,97.897,109.955,91.584,107.614,17121948.0
2021-11-18,107.626,110.42,92.0,100.605,12810228.0
2021-11-19,100.691,112.383,95.869,111.947,8903981.0
2021-11-20,111.944,129.89,111.526,125.937,11948637.0
2021-11-21,125.94,148.0,123.288,128.67,16692746.0
2021-11-22,128.686,145.1,125.911,134.884,15258876.0
2021-11-23,134.884,136.528,122.0,123.937,8314428.0
2021-11-24,123.937,124.818,112.883,115.357,9021990.0
2021-11-25,115.402,130.014,114.266,119.292,9591075.0
2021-11-26,119.283,119.964,101.32,104.376,10510205.0
2021-11-27,104.399,118.0,103.289,113.52,6108899.0
2021-11-28,113.541,113.948,100.5,110.506,7426610.0
2021-11-29,110.525,120.594,109.15,120.483,5900363.0
2021-11-30,120.489,124.95,114.002,120.421,8820315.0
2021-12-01,120.422,127.402,117.257,119.64,6028891.0
2021-12-02,119.67,119.76,107.055,107.875,5299090.0
2021-12-03,107.857,113.129,98.5,108.279,7660478.0
2021-12-04,108.276,108.75,75.0,92.986,13697207.0
2021-12-05,92.995,95.42,82.5,86.315,7823026.0
2021-12-06,86.329,94.863,77.0,92.883,12236879.0
2021-12-07,92.873,96.615,87.97,89.543,7043243.0
2021-12-08,89.539,93.193,86.118,93.188,4618995.0
2021-12-09,93.188,94.588,83.274,85.406,5683170.0
2021-12-10,85.353,91.808,80.247,80.542,7142975.0
2021-12-11,80.551,86.984,78.669,86.511,4966317.0
2021-12-12,86.511,88.886,82.908,87.914,3589389.0
2021-12-13,87.945,89.9,75.511,79.008,8670863.0
2021-12-14,78.987,87.438,76.269,87.136,6864557.0
2021-12-15,87.126,105.938,86.001,101.156,22881252.0
2021-12-16,101.146,110.024,98.074,98.318,16021863.0
2021-12-17,98.315,115.991,98.141,110.747,19999750.0
2021-12-18,110.757,117.422,105.459,115.896,10725784.0
2021-12-19,115.901,116.718,106.758,107.529,6777227.0
2021-12-20,107.556,116.368,100.957,113.515,13145775.0
2021-12-21,113.515,123.97,110.619,123.154,11138196.0
2021-12-22,123.152,127.282,115.5,116.657,7978796.0
2021-12-23,116.64,125.144,116.188,121.437,6714348.0
2021-12-24,121.446,124.581,113.082,114.877,6358427.0
2021-12-25,114.903,116.982,112.0,114.985,4863117.0
2021-12-26,115.008,117.935,109.186,115.068,5317336.0
2021-12-27,115.09,120.988,112.986,113.828,5272041.0
2021-12-28,113.813,116.789,104.27,107.002,9217470.0
2021-12-29,107.005,110.568,102.269,103.074,5876117.0
2021-12-30,103.072,105.453,98.234,101.732,5824588.0
2021-12-31,101.758,111.999,100.286,109.46,7191976.0
2022-01-01,109.441,114.533,108.475,114.107,4493438.0
2022-01-02,114.079,117.545,112.053,113.064,4592416.0
2022-01-03,113.06,114.197,105.963,108.099,5143414.0
2022-01-04,108.105,109.276,102.742,103.327,4895678.0
2022-01-05,103.351,106.624,90.0,97.358,6934786.0
2022-01-06,97.36,97.955,91.001,95.068,5334907.0
2022-01-07,95.067,95.456,84.945,86.685,7175983.0
2022-01-08,86.723,89.684,79.134,83.845,7215317.0
2022-01-09,83.835,91.765,82.39,89.32,6459154.0
2022-01-10,89.313,90.929,79.89,84.368,8630792.0
2022-01-11,84.351,90.887,83.145,89.525,4958404.0
2022-01-12,89.514,96.841,88.75,95.9,5749134.0
2022-01-13,95.902,97.25,89.063,89.686,4799998.0
2022-01-14,89.666,91.756,87.078,90.346,3576526.0
2022-01-15,90.353,94.408,89.385,92.994,2927393.0
2022-01-16,92.989,94.876,91.778,92.237,2782940.0
2022-01-17,92.25,92.525,85.247,86.653,3714396.0
2022-01-18,86.662,87.38,83.646,85.985,3117368.0
2022-01-19,85.988,86.369,81.0,82.543,3445408.0
2022-01-20,82.551,87.73,78.566,79.213,3783910.0
2022-01-21,79.213,80.342,63.821,66.027,10039322.0
2022-01-22,66.022,67.523,52.775,59.771,14057973.0
2022-01-23,59.79,66.766,58.992,64.76,9045585.0
2022-01-24,64.777,64.787,55.137,62.967,9578305.0
2022-01-25,62.946,70.49,61.544,67.94,7215697.0
2022-01-26,67.94,73.45,64.35,65.83,8723127.0
2022-01-27,65.83,67.87,61.05,64.66,7463999.0
2022-01-28,64.63,67.47,61.67,66.93,5282744.0
2022-01-29,66.93,73.69,66.79,71.87,5727988.0
2022-01-30,71.84,72.33,66.79,67.91,4425759.0
2022-01-31,67.9,70.61,64.21,69.82,5340056.0
2022-02-01,69.82,73.84,68.45,73.29,5488064.0
2022-02-02,73.31,74.85,67.38,67.78,7323277.0
2022-02-03,67.78,69.19,64.85,68.41,6371820.0
2022-02-04,68.4,78.09,67.38,77.75,7551597.0
2022-02-05,77.75,80.95,74.86,76.98,5340553.0
2022-02-06,76.98,79.21,74.06,78.9,3228651.0
2022-02-07,78.91,85.34,77.38,83.17,5399373.0
2022-02-08,83.17,95.71,81.53,86.31,15621945.0
2022-02-09,86.31,91.99,84.34,89.96,7081297.0
2022-02-10,89.98,94.99,85.04,91.15,9115014.0
2022-02-11,91.15,92.68,79.91,81.71,8379224.0
2022-02-12,81.72,84.73,78.52,81.26,7360679.0
2022-02-13,81.26,83.24,77.46,77.87,4452924.0
2022-02-14,77.88,82.52,76.03,81.81,6750960.0
2022-02-15,81.8,93.68,81.31,92.96,7824408.0
2022-02-16,92.96,97.37,91.5,95.25,13124528.0
2022-02-17,95.25,98.68,86.28,88.17,13456645.0
2022-02-18,88.21,89.94,82.25,83.62,9325218.0
2022-02-19,83.62,86.29,80.77,84.97,6531845.0
2022-02-20,84.97,85.72,76.51,77.27,8717797.0
2022-02-21,77.27,82.67,69.33,69.98,14696999.0
2022-02-22,69.97,74.92,67.11,74.36,10791512.0
2022-02-23,74.36,82.44,73.21,73.41,14510836.0
2022-02-24,73.43,79.97,64.36,76.36,24416800.0
2022-02-25,76.35,81.94,72.65,80.93,11398790.0
2022-02-26,80.94,84.92,78.0,81.77,8745565.0
2022-02-27,81.76,82.29,72.97,74.99,10767047.0
2022-02-28,75.0,85.88,71.68,84.49,11805342.0
2022-03-01,84.52,90.86,83.5,86.86,12681316.0
2022-03-02,86.86,89.98,82.21,83.29,9208805.0
2022-03-03,83.3,84.3,77.0,78.42,8875451.0
2022-03-04,78.42,82.24,74.81,75.74,12596833.0
2022-03-05,75.73,78.72,73.22,76.63,6602753.0
2022-03-06,76.63,77.08,72.02,72.45,5530697.0
2022-03-07,72.48,76.49,70.28,71.64,8364347.0
2022-03-08,71.65,76.63,71.14,72.94,9824286.0
2022-03-09,72.95,80.41,72.31,77.58,9223490.0
2022-03-10,77.57,79.02,71.34,73.89,7560257.0
2022-03-11,73.89,76.9,70.72,71.18,9763695.0
2022-03-12,71.17,73.54,70.64,70.87,3677051.0
2022-03-13,70.88,71.98,67.11,67.9,4420735.0
2022-03-14,67.88,71.48,65.48,68.92,9855309.0
2022-03-15,68.93,72.29,66.0,69.8,8434272.0
2022-03-16,69.79,74.75,68.01,74.06,8353425.0
2022-03-17,74.05,81.7,73.15,79.38,11278845.0
2022-03-18,79.37,86.94,76.45,85.72,12252638.0
2022-03-19,85.72,92.39,85.56,89.53,9839888.0
2022-03-20,89.52,90.0,84.31,84.82,7483039.0
2022-03-21,84.82,92.53,83.0,86.21,11860724.0
2022-03-22,86.2,89.82,83.57,83.89,8914347.0
2022-03-23,83.89,87.09,82.0,85.94,8282180.0
2022-03-24,85.94,88.28,83.56,87.55,8361900.0
2022-03-25,87.56,87.79,82.25,83.48,7023416.0
2022-03-26,83.49,86.75,82.37,85.85,4597794.0
2022-03-27,85.86,90.05,84.32,89.89,5100834.0
2022-03-28,89.9,96.18,88.58,89.56,10993147.0
2022-03-29,89.56,96.5,89.27,92.74,9995186.0
2022-03-30,92.76,100.59,89.4,95.57,12021267.0
2022-03-31,95.6,102.0,93.71,97.46,13515249.0
2022-04-01,97.46,99.78,90.22,96.82,10906107.0
2022-04-02,96.81,103.66,95.68,96.22,9663024.0
2022-04-03,96.23,100.11,94.38,98.05,7615805.0
2022-04-04,98.03,98.11,90.65,96.13,7635277.0
2022-04-05,96.13,97.68,90.57,90.98,6499483.0
2022-04-06,91.01,91.04,82.52,82.89,10690659.0
2022-04-07,82.88,88.57,81.15,87.53,9371877.0
2022-04-08,87.53,90.61,82.66,83.62,10483952.0
2022-04-09,83.61,85.53,82.03,84.49,4277124.0
2022-04-10,84.5,85.63,80.55,80.94,3877070.0
2022-04-11,80.94,81.48,72.62,74.28,10247073.0
2022-04-12,74.28,79.45,73.79,76.27,7979310.0
2022-04-13,76.27,80.64,75.72,80.15,7002629.0
2022-04-14,80.16,81.85,76.09,76.79,6885591.0
2022-04-15,76.8,78.49,74.69,77.38,4840663.0
2022-04-16,77.39,78.24,76.44,77.73,2827076.0
2022-04-17,77.73,78.69,75.04,75.37,3197180.0
2022-04-18,75.36,77.93,71.52,77.7,6586289.0
2022-04-19,77.7,81.05,76.75,80.26,5248902.0
2022-04-20,80.26,81.31,77.34,78.18,5433671.0
2022-04-21,78.18,80.14,74.01,74.95,5822480.0
2022-04-22,74.95,77.16,73.26,73.98,4773165.0
2022-04-23,73.98,74.38,72.33,72.78,2797471.0
2022-04-24,72.79,73.45,70.89,71.44,2968640.0
2022-04-25,71.45,72.97,67.29,72.85,7477964.0
2022-04-26,72.85,73.15,67.45,68.65,5961194.0
2022-04-27,68.64,71.96,68.24,69.81,5882438.0
2022-04-28,69.81,70.72,66.52,67.2,6082530.0
2022-04-29,67.21,67.96,62.09,63.36,6178302.0
2022-04-30,63.36,64.64,54.88,56.91,8144552.0
2022-05-01,56.9,61.11,56.21,58.7,9309303.0
2022-05-02,58.69,62.41,56.68,60.32,12364685.0
2022-05-03,60.31,62.5,58.07,59.58,7346588.0
2022-05-04,59.58,67.63,59.24,67.24,9506059.0
2022-05-05,67.24,69.45,56.4,58.99,13440037.0
2022-05-06,58.98,59.35,55.03,56.95,11057498.0
2022-05-07,56.95,57.49,53.06,55.02,7380042.0
2022-05-08,55.02,55.47,50.57,51.59,10972576.0
2022-05-09,51.59,53.05,41.01,41.17,21693058.0
2022-05-10,41.17,50.32,39.9,44.53,23712550.0
2022-05-11,44.53,46.24,26.0,31.1,55600793.0
2022-05-12,31.11,33.95,23.35,30.3,44175287.0
2022-05-13,30.3,37.98,29.5,32.18,24331889.0
2022-05-14,32.18,34.33,29.25,33.91,13791527.0
2022-05-15,33.92,37.1,31.84,36.52,13277122.0
2022-05-16,36.51,36.53,31.37,32.52,18107439.0
2022-05-17,32.53,35.78,32.16,34.37,13834768.0
2022-05-18,34.37,35.15,29.33,29.57,16518378.0
2022-05-19,29.57,31.92,27.45,30.36,28102383.0
2022-05-20,30.36,31.95,27.77,28.76,26085871.0
2022-05-21,28.75,30.59,28.14,29.87,12509985.0
2022-05-22,29.87,32.72,28.94,31.69,18744750.0
2022-05-23,31.69,33.08,28.5,29.04,24921900.0
2022-05-24,29.04,29.64,26.83,29.05,21248315.0
2022-05-25,29.04,29.71,27.08,27.22,19579147.0
2022-05-26,27.22,28.0,22.72,23.4,37499990.0
2022-05-27,23.4,23.86,21.33,22.55,48838732.0
2022-05-28,22.55,25.7,22.16,24.74,34139376.0
2022-05-29,24.74,27.0,23.7,26.14,39203552.0
2022-05-30,26.15,28.47,25.3,27.68,38842914.0
2022-05-31,27.68,29.11,25.52,26.41,35630986.0
2022-06-01,26.41,27.04,23.16,23.68,34101263.0
2022-06-02,23.67,24.88,22.65,24.62,27960530.0
2022-06-03,24.63,24.68,22.45,22.98,23351098.0
2022-06-04,22.98,24.66,22.1,24.56,19268635.0
2022-06-05,24.55,25.2,23.91,24.16,25045512.0
2022-06-06,24.17,27.77,24.02,25.97,35419793.0
2022-06-07,25.98,26.19,23.09,24.58,44421419.0
2022-06-08,24.58,25.44,23.71,24.49,19562401.0
2022-06-09,24.5,25.38,23.7,24.41,15879885.0
2022-06-10,24.41,24.85,21.88,22.06,20278284.0
2022-06-11,22.06,23.0,19.62,19.89,26960534.0
2022-06-12,19.89,20.14,17.21,17.27,42739823.0
2022-06-13,17.26,17.49,14.56,16.1,76732476.0
2022-06-14,16.09,17.28,14.64,16.53,54923056.0
2022-06-15,16.54,18.47,14.52,18.28,59837886.0
2022-06-16,18.28,18.7,15.49,15.78,35625646.0
2022-06-17,15.78,16.72,15.46,15.97,23815610.0
2022-06-18,15.97,16.3,13.76,14.81,32217501.0
2022-06-19,14.81,16.42,13.71,16.16,30773238.0
2022-06-20,16.16,17.86,15.31,17.09,32887131.0
2022-06-21,17.09,18.49,16.61,16.89,25691993.0
2022-06-22,16.9,17.4,15.95,16.07,24408833.0
2022-06-23,16.06,18.4,16.01,18.27,28747696.0
2022-06-24,18.27,20.94,17.96,20.48,32440058.0
2022-06-25,20.47,21.68,19.85,21.35,24896644.0
2022-06-26,21.35,22.07,19.58,19.72,23896761.0
2022-06-27,19.72,21.39,19.15,19.33,24768911.0
2022-06-28,19.33,20.52,17.96,18.1,30703565.0
2022-06-29,18.1,18.67,17.15,17.78,29903633.0
2022-06-30,17.79,17.8,15.74,16.97,36000221.0
2022-07-01,16.97,17.65,15.77,16.11,35023693.0
2022-07-02,16.11,16.61,15.93,16.31,18476640.0
2022-07-03,16.31,16.91,15.81,16.63,16727587.0
2022-07-04,16.62,18.06,16.28,17.91,26119840.0
2022-07-05,17.91,18.65,16.64,18.01,30228899.0
2022-07-06,18.02,19.48,17.76,19.16,32381248.0
2022-07-07,19.17,20.61,18.81,20.18,26979301.0
2022-07-08,20.17,21.15,19.4,19.69,28475086.0
2022-07-09,19.69,20.26,19.55,19.87,12075489.0
2022-07-10,19.87,19.97,18.72,19.14,13632081.0
2022-07-11,19.14,19.16,17.3,17.32,17428775.0
2022-07-12,17.33,18.05,16.69,16.74,21508844.0
2022-07-13,16.73,18.94,16.32,18.82,33871100.0
2022-07-14,18.81,19.98,17.77,19.75,26278717.0
2022-07-15,19.76,20.31,19.07,19.35,21602750.0
2022-07-16,19.34,21.5,18.68,21.25,23117679.0
2022-07-17,21.24,22.1,20.55,20.61,21953194.0
2022-07-18,20.62,24.37,20.57,23.96,36270755.0
2022-07-19,23.95,26.3,23.03,24.71,34627636.0
2022-07-20,24.7,26.38,23.38,23.59,28390426.0
2022-07-21,23.58,25.45,22.63,24.99,25555452.0
2022-07-22,24.99,25.55,23.57,23.61,18681924.0
2022-07-23,23.61,24.65,22.81,23.58,14344468.0
2022-07-24,23.58,24.48,23.21,23.77,11496921.0
2022-07-25,23.78,23.84,20.86,20.9,19223954.0
2022-07-26,20.9,20.97,19.53,20.69,17320396.0
2022-07-27,20.68,23.49,20.19,23.39,23378768.0
2022-07-28,23.38,24.7,22.4,24.19,24423044.0
2022-07-29,24.18,25.38,23.45,24.47,23335675.0
2022-07-30,24.48,25.83,23.88,24.22,16930173.0
2022-07-31,24.23,25.24,23.51,23.69,12511259.0
2022-08-01,23.68,24.32,22.94,23.57,12638153.0
2022-08-02,23.56,23.97,22.21,22.81,15096241.0
2022-08-03,22.82,24.19,22.25,23.02,12313154.0
2022-08-04,23.03,24.01,22.85,23.35,11803152.0
2022-08-05,23.36,24.99,23.08,24.95,13225341.0
2022-08-06,24.96,26.98,24.71,26.64,18880754.0
2022-08-07,26.64,28.5,25.81,27.87,24293768.0
2022-08-08,27.88,30.89,27.56,27.91,29861307.0
2022-08-09,27.92,28.79,26.9,27.39,24615010.0
2022-08-10,27.4,30.29,26.58,29.16,28743547.0
2022-08-11,29.16,30.1,28.22,28.51,19942879.0
2022-08-12,28.52,29.44,28.04,29.32,13602229.0
2022-08-13,29.33,30.37,28.84,29.15,12795862.0
2022-08-14,29.16,29.84,27.81,28.17,11757636.0
2022-08-15,28.17,29.28,27.03,27.87,15505829.0
2022-08-16,27.87,28.41,26.9,27.09,12726948.0
2022-08-17,27.1,28.21,25.23,25.54,16951543.0
2022-08-18,25.55,26.27,23.74,24.18,14281074.0
2022-08-19,24.18,24.41,21.0,22.42,27604264.0
2022-08-20,22.43,23.07,21.6,22.28,16633291.0
2022-08-21,22.28,23.57,22.12,22.95,13949758.0
2022-08-22,22.96,22.99,21.61,22.55,15368084.0
2022-08-23,22.54,23.74,21.8,23.5,16826927.0
2022-08-24,23.51,23.63,22.78,22.99,12200863.0
2022-08-25,22.98,23.65,22.63,22.97,10425613.0
2022-08-26,22.98,23.22,20.3,20.64,24382459.0
2022-08-27,20.63,20.87,19.76,20.03,16918309.0
2022-08-28,20.03,20.45,18.04,18.51,23043273.0
2022-08-29,18.51,19.46,17.46,19.3,43178165.0
2022-08-30,19.3,20.64,18.85,19.39,42062036.0
2022-08-31,19.39,20.07,18.96,19.12,25222196.0
2022-09-01,19.12,19.46,18.31,19.31,17947035.0
2022-09-02,19.3,19.65,18.65,18.83,15980709.0
2022-09-03,18.84,18.99,18.54,18.87,8288770.0
2022-09-04,18.87,19.15,18.7,19.0,10369557.0
2022-09-05,19.0,19.49,18.39,19.44,12580908.0
2022-09-06,19.43,20.49,18.11,18.19,29720397.0
2022-09-07,18.19,19.29,17.8,18.99,17849852.0
2022-09-08,18.98,19.16,18.38,19.13,16072233.0
2022-09-09,19.12,20.83,19.09,20.38,17717511.0
2022-09-10,20.38,21.18,20.02,20.43,14537659.0
2022-09-11,20.43,20.95,19.93,20.67,11665778.0
2022-09-12,20.67,21.89,20.04,21.36,27407501.0
2022-09-13,21.35,21.79,18.73,18.83,24877004.0
2022-09-14,18.84,19.3,18.42,19.1,14299065.0
2022-09-15,19.1,19.36,18.06,18.18,17142579.0
2022-09-16,18.19,18.3,17.54,18.04,14414608.0
2022-09-17,18.03,18.57,18.03,18.46,7567860.0
2022-09-18,18.46,18.74,16.05,16.69,17437712.0
2022-09-19,16.69,17.36,16.36,17.26,14436079.0
2022-09-20,17.25,17.4,16.55,16.65,12254629.0
2022-09-21,16.65,17.93,16.16,16.51,17824638.0
2022-09-22,16.51,17.87,16.37,17.66,14242931.0
2022-09-23,17.66,18.23,17.12,17.96,15847746.0
2022-09-24,17.95,18.19,17.53,17.59,7589632.0
2022-09-25,17.59,17.87,17.11,17.31,6498087.0
2022-09-26,17.31,17.58,16.95,17.56,10367210.0
2022-09-27,17.56,18.47,17.02,17.29,14922234.0
2022-09-28,17.29,17.44,16.72,17.25,11377069.0
2022-09-29,17.26,17.39,16.86,17.33,9396144.0
2022-09-30,17.33,17.73,17.0,17.18,11916652.0
2022-10-01,17.19,17.3,16.85,16.95,5067033.0
2022-10-02,16.95,17.16,16.42,16.52,7545935.0
2022-10-03,16.52,17.3,16.31,17.14,9940807.0
2022-10-04,17.14,17.54,17.05,17.43,7555966.0
2022-10-05,17.43,17.47,16.93,17.37,7248333.0
2022-10-06,17.37,17.67,16.96,17.02,7439717.0
2022-10-07,17.02,17.15,16.7,16.89,5705028.0
2022-10-08,16.88,16.99,16.6,16.76,2786587.0
2022-10-09,16.76,16.99,16.69,16.88,3130043.0
2022-10-10,16.88,17.24,16.12,16.19,7040563.0
2022-10-11,16.2,16.31,15.54,15.94,8918422.0
2022-10-12,15.94,16.15,15.8,15.94,4651136.0
2022-10-13,15.94,15.98,14.31,15.64,17650411.0
2022-10-14,15.64,16.4,15.53,15.66,10602602.0
2022-10-15,15.66,15.76,15.34,15.42,4340742.0
2022-10-16,15.42,15.87,15.39,15.73,4887079.0
2022-10-17,15.74,16.27,15.63,16.16,7999575.0
2022-10-18,16.17,16.35,15.56,15.86,9526721.0
2022-10-19,15.86,15.92,14.98,15.04,9906623.0
2022-10-20,15.05,15.44,14.85,15.13,11100067.0
2022-10-21,15.13,15.74,14.55,15.67,15057806.0
2022-10-22,15.67,15.93,15.5,15.66,6145205.0
2022-10-23,15.67,16.42,15.58,16.31,8793172.0
2022-10-24,16.3,16.49,15.62,15.74,8997621.0
2022-10-25,15.74,17.1,15.57,16.621,17354847.0
2022-10-26,16.621,17.349,16.62,16.992,19109883.0
2022-10-27,16.992,17.5,16.81,16.878,15911910.0
2022-10-28,16.88,18.39,16.708,18.32,19297432.0
2022-10-29,18.32,18.888,18.151,18.28,13323988.0
2022-10-30,18.28,18.824,17.906,18.241,10500702.0
2022-10-31,18.241,19.798,18.17,19.266,18183891.0
2022-11-01,19.263,19.528,18.563,18.614,11315151.0
2022-11-02,18.614,18.758,17.406,17.902,15628660.0
2022-11-03,17.902,18.867,17.788,18.022,9628523.0
2022-11-04,18.023,19.689,17.863,19.375,13878226.0
2022-11-05,19.372,20.6,19.18,19.593,13049016.0
2022-11-06,19.595,19.747,18.181,18.219,8190842.0
2022-11-07,18.219,18.847,17.646,18.065,11665576.0
2022-11-08,18.064,18.142,14.639,15.994,30566195.0
2022-11-09,15.995,16.14,11.916,12.858,30964288.0
2022-11-10,12.859,15.941,12.611,15.403,21110706.0
2022-11-11,15.407,15.45,13.56,14.12,14073079.0
2022-11-12,14.123,14.138,12.872,13.086,8524335.0
2022-11-13,13.085,13.35,12.612,13.011,8580820.0
2022-11-14,13.01,13.594,12.028,13.127,15466655.0
2022-11-15,13.126,13.996,12.994,13.505,12013627.0
2022-11-16,13.505,13.712,12.78,13.04,10231276.0
2022-11-17,13.041,13.34,12.645,12.859,11775785.0
2022-11-18,12.858,13.284,12.845,12.986,9252730.0
2022-11-19,12.987,12.988,12.477,12.88,6870343.0
2022-11-20,12.88,13.133,12.039,12.177,9448486.0
2022-11-21,12.177,12.188,11.53,11.806,16414181.0
2022-11-22,11.806,12.386,11.417,12.341,14803290.0
2022-11-23,12.343,13.053,12.331,13.049,11971433.0
2022-11-24,13.049,13.392,12.75,12.939,8769377.0
2022-11-25,12.94,13.027,12.51,12.813,6940344.0
2022-11-26,12.815,13.23,12.605,12.762,6700629.0
2022-11-27,12.763,13.25,12.677,12.855,6400430.0
2022-11-28,12.856,12.981,11.93,12.441,12625163.0
2022-11-29,12.44,12.723,12.266,12.456,9130689.0
2022-11-30,12.457,13.189,12.452,13.131,11929834.0
2022-12-01,13.133,13.312,12.779,12.896,8320546.0
2022-12-02,12.896,13.657,12.772,13.574,13112620.0
2022-12-03,13.575,13.9,13.276,13.403,12166958.0
2022-12-04,13.403,13.94,13.39,13.919,8673906.0
2022-12-05,13.918,14.347,13.4,13.599,12712608.0
2022-12-06,13.595,13.687,13.426,13.662,6656691.0
2022-12-07,13.661,13.693,12.979,13.259,8474060.0
2022-12-08,13.258,13.514,13.045,13.405,7117950.0
2022-12-09,13.405,13.616,13.346,13.451,6096527.0
2022-12-10,13.452,13.6,13.33,13.478,3720961.0
2022-12-11,13.479,13.496,12.9,12.972,4639128.0
2022-12-12,12.97,13.052,12.442,12.996,7127081.0
2022-12-13,12.997,14.434,12.548,13.75,14885231.0
2022-12-14,13.75,14.185,13.542,13.71,11595636.0
2022-12-15,13.711,13.895,13.061,13.17,8992973.0
2022-12-16,13.17,13.29,11.57,11.828,11331395.0
2022-12-17,11.829,11.99,11.509,11.943,7046832.0
2022-12-18,11.942,12.024,11.775,11.92,4382410.0
2022-12-19,11.92,12.093,11.106,11.383,8574856.0
2022-12-20,11.381,12.046,11.318,11.939,7167359.0
2022-12-21,11.939,11.985,11.613,11.698,4945043.0
2022-12-22,11.697,11.872,11.44,11.847,6262988.0
2022-12-23,11.848,11.883,11.615,11.775,4680491.0
2022-12-24,11.776,11.826,11.631,11.67,2797499.0
2022-12-25,11.67,11.728,11.495,11.673,4919982.0
2022-12-26,11.674,11.77,11.558,11.707,5173285.0
2022-12-27,11.709,11.798,11.522,11.641,5656282.0
2022-12-28,11.642,11.672,11.07,11.204,8326516.0
2022-12-29,11.205,11.222,10.591,10.967,8972066.0
2022-12-30,10.967,10.975,10.533,10.869,8744838.0
2022-12-31,10.869,11.074,10.833,10.903,3842406.0
2023-01-01,10.903,10.931,10.64,10.86,5018608.0
2023-01-02,10.86,11.301,10.695,11.162,7273047.0
2023-01-03,11.162,11.551,11.058,11.377,9414472.0
2023-01-04,11.377,12.286,11.34,12.072,13388138.0
2023-01-05,12.073,12.173,11.645,11.743,7667661.0
2023-01-06,11.743,11.818,11.305,11.772,8712708.0
2023-01-07,11.773,11.866,11.644,11.74,3627746.0
2023-01-08,11.74,12.15,11.577,12.086,6077837.0
2023-01-09,12.087,12.651,12.07,12.178,16270797.0
2023-01-10,12.179,12.95,12.006,12.73,13233505.0
2023-01-11,12.729,16.056,12.239,15.838,65331543.0
2023-01-12,15.841,16.534,14.444,15.446,90427380.0
2023-01-13,15.446,16.6,14.947,15.956,39796025.0
2023-01-14,15.956,18.58,15.71,16.941,44385276.0
2023-01-15,16.945,17.1,16.02,16.817,21824230.0
2023-01-16,16.817,17.372,16.0,16.762,18232649.0
2023-01-17,16.762,18.23,16.521,17.131,24743800.0
2023-01-18,17.132,17.42,15.373,15.823,21772695.0
2023-01-19,15.819,16.314,15.708,16.179,12314993.0
2023-01-20,16.178,17.579,15.854,17.496,15871739.0
2023-01-21,17.496,17.769,16.7,16.887,15285839.0
2023-01-22,16.886,18.49,16.799,17.35,19034747.0
2023-01-23,17.35,18.35,17.21,17.998,16535461.0
2023-01-24,17.999,18.994,16.73,16.995,17220827.0
2023-01-25,16.996,18.28,16.504,17.8,15364321.0
2023-01-26,17.803,18.81,17.765,18.1,16458951.0
2023-01-27,18.101,21.691,17.45,21.221,25724624.0
2023-01-28,21.221,21.83,20.035,20.539,31232587.0
2023-01-29,20.54,21.177,20.135,20.99,14907717.0
2023-01-30,20.996,21.326,19.298,19.75,25246533.0
2023-01-31,19.748,20.206,19.31,19.807,12896507.0
2023-02-01,19.807,21.062,18.7,20.966,18525766.0
2023-02-02,20.968,22.799,20.806,21.218,30988408.0
2023-02-03,21.219,21.947,20.68,21.375,14695535.0
2023-02-04,21.377,21.7,20.812,21.032,8183414.0
2023-02-05,21.031,21.155,19.702,20.089,9974481.0
2023-02-06,20.087,20.437,19.4,19.574,9092228.0
2023-02-07,19.576,20.99,19.516,20.851,12143723.0
2023-02-08,20.851,21.046,19.623,20.11,10308852.0
2023-02-09,20.107,20.252,17.367,17.891,17543601.0
2023-02-10,17.892,18.237,17.452,17.769,11707194.0
2023-02-11,17.769,18.101,17.639,17.995,5906383.0
2023-02-12,17.995,18.475,17.5,17.766,9658550.0
2023-02-13,17.768,17.848,16.821,17.616,15043555.0
2023-02-14,17.615,18.29,17.09,18.141,14466469.0
2023-02-15,18.141,19.964,17.9,19.957,13717544.0
2023-02-16,19.957,20.4,18.552,18.595,19292003.0
2023-02-17,18.594,19.64,18.475,19.456,13272133.0
2023-02-18,19.456,20.108,19.3,19.56,9524716.0
2023-02-19,19.56,20.434,19.241,19.83,13658641.0
2023-02-20,19.829,21.387,19.0,20.847,21663923.0
2023-02-21,20.848,21.689,19.901,20.995,24028843.0
2023-02-22,20.996,21.59,19.572,20.311,29041328.0
2023-02-23,20.312,20.749,19.514,19.718,12442768.0
2023-02-24,19.718,19.837,18.017,18.38,13663831.0
2023-02-25,18.38,18.594,17.409,17.931,10704339.0
2023-02-26,17.93,18.564,17.808,18.421,6612132.0
2023-02-27,18.421,18.642,17.7,17.917,9437737.0
2023-02-28,17.918,17.939,16.9,17.08,11979915.0
2023-03-01,17.081,17.829,16.964,17.765,9418222.0
2023-03-02,17.766,17.858,17.102,17.464,7901360.0
2023-03-03,17.464,17.478,15.625,16.655,11759856.0
2023-03-04,16.656,16.9,15.718,16.134,9000238.0
2023-03-05,16.133,16.511,16.05,16.138,6960992.0
2023-03-06,16.137,16.711,15.807,16.505,11270767.0
2023-03-07,16.505,16.74,15.84,16.165,11635312.0
2023-03-08,16.162,16.252,14.957,15.102,14035874.0
2023-03-09,15.101,15.684,14.166,14.401,17274620.0
2023-03-10,14.402,15.18,13.864,14.782,22608989.0
2023-03-11,14.783,15.173,13.901,14.509,16676055.0
2023-03-12,14.508,16.4,14.191,16.176,15918244.0
2023-03-13,16.175,16.776,15.446,16.461,18965766.0
2023-03-14,16.462,17.932,16.08,17.148,23559727.0
2023-03-15,17.147,17.44,15.311,15.55,22822017.0
2023-03-16,15.551,16.081,15.224,15.819,16257337.0
2023-03-17,15.818,17.78,15.617,17.648,18962761.0
2023-03-18,17.647,18.303,16.825,16.99,16002001.0
2023-03-19,16.988,18.084,16.97,17.533,13159099.0
2023-03-20,17.535,17.789,16.518,16.631,15017065.0
2023-03-21,16.63,17.555,16.32,17.434,13074272.0
2023-03-22,17.436,17.927,16.252,16.735,17175203.0
2023-03-23,16.736,17.868,16.555,17.536,11642162.0
2023-03-24,17.536,17.648,16.65,16.952,9078153.0
2023-03-25,16.952,17.149,16.37,16.882,6305424.0
2023-03-26,16.883,17.279,16.851,17.101,6495999.0
2023-03-27,17.1,17.143,16.035,16.479,8789146.0
2023-03-28,16.478,16.843,16.28,16.708,8776034.0
2023-03-29,16.708,17.412,16.651,17.31,8478188.0
2023-03-30,17.31,17.561,16.863,17.228,11392143.0
2023-03-31,17.228,17.834,17.058,17.7,10525687.0
2023-04-01,17.7,17.891,17.53,17.788,4814362.0
2023-04-02,17.788,17.849,17.05,17.239,5521429.0
2023-04-03,17.239,17.45,16.614,17.095,9202421.0
2023-04-04,17.094,17.669,16.958,17.652,6444264.0
2023-04-05,17.652,18.387,17.601,17.99,11224595.0
2023-04-06,17.99,18.33,17.625,17.958,8452766.0
2023-04-07,17.959,18.135,17.4,17.594,5464778.0
2023-04-08,17.593,17.734,17.311,17.445,3351598.0
2023-04-09,17.446,17.639,17.234,17.527,3807670.0
2023-04-10,17.526,17.97,17.329,17.934,5396047.0
2023-04-11,17.935,18.625,17.865,18.135,8422116.0
2023-04-12,18.135,18.714,17.663,18.256,13902118.0
2023-04-13,18.256,19.088,18.109,18.835,10983244.0
2023-04-14,18.835,19.343,18.45,19.226,11087955.0
2023-04-15,19.228,19.55,19.0,19.102,7681404.0
2023-04-16,19.102,20.5,18.842,20.188,12135537.0
2023-04-17,20.187,21.313,19.93,20.54,24955516.0
2023-04-18,20.541,21.589,20.25,21.211,14515245.0
2023-04-19,21.211,21.217,18.316,18.98,17915229.0
2023-04-20,18.978,19.435,18.0,18.3,13874411.0
2023-04-21,18.299,18.511,16.5,16.922,14775037.0
2023-04-22,16.92,17.347,16.806,17.206,7580253.0
2023-04-23,17.207,17.249,16.422,16.832,7496818.0
2023-04-24,16.832,17.245,16.528,16.913,9334793.0
2023-04-25,16.913,17.765,16.729,17.619,11753312.0
2023-04-26,17.619,18.235,16.18,17.167,14881319.0
2023-04-27,17.168,17.919,17.096,17.712,11061058.0
2023-04-28,17.71,17.805,17.201,17.54,6688849.0
2023-04-29,17.54,17.72,17.27,17.48,4603194.0
2023-04-30,17.48,17.844,17.041,17.083,6558284.0
2023-05-01,17.083,17.213,16.505,16.638,7481359.0
2023-05-02,16.638,16.964,16.47,16.839,6428506.0
2023-05-03,16.84,17.374,16.383,17.208,11139587.0
2023-05-04,17.208,17.262,16.765,16.91,7167309.0
2023-05-05,16.91,17.413,16.703,17.368,9879487.0
2023-05-06,17.368,17.5,16.42,16.572,8629324.0
2023-05-07,16.572,16.717,16.237,16.402,5761724.0
2023-05-08,16.404,16.494,14.866,15.396,13605472.0
2023-05-09,15.396,15.563,15.207,15.305,6187145.0
2023-05-10,15.306,15.722,14.639,15.505,12146157.0
2023-05-11,15.505,15.524,14.75,14.946,9872856.0
2023-05-12,14.946,15.208,14.496,15.18,9218559.0
2023-05-13,15.18,15.2,14.886,14.909,4182915.0
2023-05-14,14.909,15.139,14.776,15.015,4223795.0
2023-05-15,15.014,15.349,14.79,15.076,8040464.0
2023-05-16,15.078,15.151,14.722,14.896,7199892.0
2023-05-17,14.897,15.293,14.607,15.169,9951312.0
2023-05-18,15.169,15.188,14.36,14.678,9320621.0
2023-05-19,14.678,14.85,14.546,14.672,6312088.0
2023-05-20,14.672,14.696,14.519,14.619,3658695.0
2023-05-21,14.62,14.69,14.106,14.305,5251428.0
2023-05-22,14.305,14.8,14.063,14.671,9017300.0
2023-05-23,14.672,14.963,14.592,14.715,6948523.0
2023-05-24,14.715,14.718,13.981,14.132,8967640.0
2023-05-25,14.132,14.263,13.644,14.078,8642765.0
2023-05-26,14.078,14.392,13.953,14.326,7483405.0
2023-05-27,14.326,14.62,14.258,14.558,4978387.0
2023-05-28,14.556,15.056,14.221,14.901,10880879.0
2023-05-29,14.901,14.98,14.352,14.467,7026982.0
2023-05-30,14.467,14.728,14.355,14.436,6295652.0
2023-05-31,14.436,14.461,13.938,14.099,7309833.0
2023-06-01,14.099,14.297,13.807,14.081,5916439.0
2023-06-02,14.081,14.566,13.956,14.488,6373263.0
2023-06-03,14.488,14.592,14.386,14.575,3221738.0
2023-06-04,14.575,14.935,14.514,14.782,4704496.0
2023-06-05,14.782,14.902,13.38,13.864,12769552.0
2023-06-06,13.864,14.675,13.804,14.621,9308224.0
2023-06-07,14.62,14.704,13.944,14.014,8182156.0
2023-06-08,14.015,14.1,13.774,13.916,5785901.0
2023-06-09,13.916,14.252,13.699,13.75,7980610.0
2023-06-10,13.75,13.76,9.658,11.634,31601631.0
2023-06-11,11.635,11.8,11.407,11.565,9065330.0
2023-06-12,11.566,11.603,11.154,11.507,9995468.0
2023-06-13,11.507,12.07,11.418,11.786,10679034.0
2023-06-14,11.786,11.954,11.155,11.37,10165541.0
2023-06-15,11.371,11.56,11.018,11.395,10876528.0
2023-06-16,11.396,11.725,11.18,11.54,7259344.0
2023-06-17,11.54,11.838,11.459,11.616,5622151.0
2023-06-18,11.616,11.622,11.225,11.328,7103407.0
2023-06-19,11.328,11.515,11.127,11.466,7111566.0
2023-06-20,11.465,12.123,11.164,12.116,9880939.0
2023-06-21,12.117,13.037,12.058,12.89,14171075.0
2023-06-22,12.89,13.229,12.557,12.65,11108883.0
2023-06-23,12.651,13.514,12.613,13.28,10213999.0
2023-06-24,13.282,13.394,12.703,13.01,7571041.0
2023-06-25,13.01,13.678,12.959,13.429,7818328.0
2023-06-26,13.429,13.69,12.908,13.149,10563829.0
2023-06-27,13.148,13.469,13.085,13.191,7262099.0
2023-06-28,13.191,13.211,12.056,12.337,11381954.0
2023-06-29,12.336,12.955,12.256,12.664,9730710.0
2023-06-30,12.666,13.33,12.1,13.024,14407210.0
2023-07-01,13.025,13.158,12.826,12.993,6420089.0
2023-07-02,12.994,13.216,12.7,13.12,8768782.0
2023-07-03,13.12,13.591,13.062,13.248,10309866.0
2023-07-04,13.248,13.413,12.993,13.036,10283375.0
2023-07-05,13.037,13.154,12.436,12.658,9689863.0
2023-07-06,12.659,13.114,12.223,12.349,12511207.0
2023-07-07,12.348,12.749,12.18,12.729,8173479.0
2023-07-08,12.73,13.886,12.717,13.633,27810593.0
2023-07-09,13.633,14.2,13.561,13.583,22996540.0
2023-07-10,13.582,13.843,13.156,13.378,17313166.0
2023-07-11,13.377,13.683,13.146,13.257,10665685.0
2023-07-12,13.257,13.371,12.839,13.008,10556167.0
2023-07-13,13.008,14.205,12.881,14.116,21068020.0
2023-07-14,14.117,15.999,14.0,14.64,45179174.0
2023-07-15,14.64,15.349,14.409,14.847,15420972.0
2023-07-16,14.846,14.932,14.146,14.28,11686119.0
2023-07-17,14.281,14.618,13.783,14.392,13914855.0
2023-07-18,14.392,14.579,13.52,13.801,12446514.0
2023-07-19,13.801,14.271,13.751,13.988,11045666.0
2023-07-20,13.988,14.42,13.628,13.86,11822858.0
2023-07-21,13.861,14.065,13.716,13.975,8083707.0
2023-07-22,13.975,14.055,13.25,13.513,6976474.0
2023-07-23,13.513,13.747,13.383,13.533,5588289.0
2023-07-24,13.531,13.594,12.644,13.099,11296474.0
2023-07-25,13.099,13.6,13.029,13.329,11862932.0
2023-07-26,13.329,13.461,13.071,13.255,10321892.0
2023-07-27,13.256,13.421,13.011,13.147,6981578.0
2023-07-28,13.148,13.291,13.002,13.219,5122563.0
2023-07-29,13.22,13.291,13.141,13.229,2899319.0
2023-07-30,13.228,13.405,12.88,13.122,7106796.0
2023-07-31,13.121,13.277,12.67,12.806,8444046.0
2023-08-01,12.807,12.902,12.32,12.882,10330132.0
2023-08-02,12.881,12.957,12.4,12.536,7943923.0
2023-08-03,12.535,12.637,12.351,12.436,7520478.0
2023-08-04,12.435,12.608,12.227,12.399,6330298.0
2023-08-05,12.4,12.452,12.273,12.44,3473904.0
2023-08-06,12.441,12.664,12.413,12.593,4392245.0
2023-08-07,12.592,12.759,12.175,12.465,7925370.0
2023-08-08,12.464,12.85,12.375,12.684,7681887.0
2023-08-09,12.684,12.8,12.484,12.627,5764552.0
2023-08-10,12.626,12.663,12.463,12.48,5348876.0
2023-08-11,12.479,12.547,12.346,12.442,4139292.0
2023-08-12,12.441,12.486,12.342,12.387,2547765.0
2023-08-13,12.387,12.422,12.181,12.266,3848177.0
2023-08-14,12.265,12.456,12.152,12.365,5498285.0
2023-08-15,12.366,12.376,11.24,11.822,8013762.0
2023-08-16,11.823,11.859,11.03,11.376,10146329.0
2023-08-17,11.376,11.5,9.6,10.569,14256808.0
2023-08-18,10.568,10.996,10.525,10.799,10395534.0
2023-08-19,10.798,10.888,10.556,10.809,5332745.0
2023-08-20,10.809,10.918,10.729,10.855,3555567.0
2023-08-21,10.856,10.87,10.123,10.346,9377777.0
2023-08-22,10.347,10.374,9.69,10.136,15139960.0
2023-08-23,10.135,10.473,10.047,10.325,10771942.0
2023-08-24,10.324,10.35,9.961,10.11,9706706.0
2023-08-25,10.11,10.128,9.871,10.043,10300142.0
2023-08-26,10.042,10.127,10.001,10.087,3921927.0
2023-08-27,10.087,10.272,10.062,10.196,5662733.0
2023-08-28,10.195,10.442,9.906,10.366,12086627.0
2023-08-29,10.365,11.215,10.316,10.804,23277976.0
2023-08-30,10.805,10.823,10.326,10.399,8955239.0
2023-08-31,10.4,10.546,9.776,9.979,12258904.0
2023-09-01,9.979,10.058,9.739,9.919,7708245.0
2023-09-02,9.919,9.962,9.75,9.905,4424589.0
2023-09-03,9.906,9.988,9.815,9.868,3660626.0
2023-09-04,9.869,10.043,9.669,9.805,6519665.0
2023-09-05,9.805,9.963,9.629,9.907,5835187.0
2023-09-06,9.908,10.054,9.741,9.94,6051444.0
2023-09-07,9.939,10.137,9.827,10.089,5182303.0
2023-09-08,10.088,10.153,9.82,9.919,5029264.0
2023-09-09,9.919,9.919,9.824,9.83,2188739.0
2023-09-10,9.829,9.833,9.159,9.457,11766509.0
2023-09-11,9.457,9.507,8.986,9.227,11341307.0
2023-09-12,9.228,9.602,9.183,9.206,9821148.0
2023-09-13,9.206,9.451,9.096,9.283,9236855.0
2023-09-14,9.283,9.472,9.246,9.394,6577955.0
2023-09-15,9.394,9.525,9.166,9.422,7216461.0
2023-09-16,9.422,9.611,9.352,9.373,6625770.0
2023-09-17,9.374,9.376,8.978,9.091,7731421.0
2023-09-18,9.091,9.31,8.801,9.099,12284238.0
2023-09-19,9.098,9.306,9.031,9.205,8866181.0
2023-09-20,9.205,9.23,8.818,9.04,11067096.0
2023-09-21,9.041,9.105,8.754,8.818,10787514.0
2023-09-22,8.818,8.922,8.7,8.857,6695661.0
2023-09-23,8.857,8.98,8.817,8.899,5587172.0
2023-09-24,8.899,9.04,8.71,8.775,7991010.0
2023-09-25,8.774,8.958,8.606,8.944,8810840.0
2023-09-26,8.944,9.067,8.843,9.039,7558344.0
2023-09-27,9.039,9.188,8.81,8.926,10707205.0
2023-09-28,8.925,9.348,8.904,9.262,10083877.0
2023-09-29,9.263,9.365,9.066,9.167,8878187.0
2023-09-30,9.168,9.292,9.111,9.236,5284715.0
2023-10-01,9.237,9.827,9.209,9.75,12085199.0
2023-10-02,9.749,9.832,9.145,9.312,12464863.0
2023-10-03,9.313,9.481,9.22,9.409,9347305.0
2023-10-04,9.409,10.32,9.06,10.092,44754377.0
2023-10-05,10.093,10.344,9.812,10.126,40209555.0
2023-10-06,10.126,10.835,10.116,10.649,37838858.0
2023-10-07,10.649,11.882,10.24,10.342,70233571.0
2023-10-08,10.343,10.527,9.946,10.079,23773529.0
2023-10-09,10.079,10.081,9.246,9.535,25775476.0
2023-10-10,9.534,9.845,9.411,9.518,20219753.0
2023-10-11,9.518,9.568,9.195,9.296,17913284.0
2023-10-12,9.297,9.316,8.875,9.108,15784727.0
2023-10-13,9.107,9.342,9.022,9.146,11631583.0
2023-10-14,9.146,9.247,9.105,9.141,5581023.0
2023-10-15,9.14,9.262,9.065,9.173,8162808.0
2023-10-16,9.173,9.824,9.156,9.391,20095705.0
2023-10-17,9.391,9.399,8.981,9.101,11831380.0
2023-10-18,9.101,9.204,8.831,8.901,10507026.0
2023-10-19,8.902,9.112,8.633,9.059,12029068.0
2023-10-20,9.06,9.384,9.0,9.213,12833281.0
2023-10-21,9.212,9.806,9.165,9.63,16194578.0
2023-10-22,9.63,10.08,9.528,10.079,20685405.0
2023-10-23,10.079,10.684,9.852,10.588,27960368.0
2023-10-24,10.587,10.808,9.976,10.323,26452141.0
2023-10-25,10.322,10.642,10.163,10.528,17843019.0
2023-10-26,10.528,11.469,10.273,11.051,35918995.0
2023-10-27,11.052,11.067,10.259,10.596,18013652.0
2023-10-28,10.596,11.088,10.555,10.975,13451928.0
2023-10-29,10.975,11.44,10.79,11.38,14058101.0
2023-10-30,11.38,11.705,11.064,11.469,16116830.0
2023-10-31,11.47,11.768,10.977,11.328,18976975.0
2023-11-01,11.327,12.364,10.876,12.239,27065841.0
2023-11-02,12.238,12.556,11.43,11.884,25021999.0
2023-11-03,11.887,12.199,11.417,12.121,15111512.0
2023-11-04,12.12,12.336,11.924,12.227,9658678.0
2023-11-05,12.227,12.693,12.077,12.36,13627960.0
2023-11-06,12.36,13.177,12.211,13.085,16139636.0
2023-11-07,13.086,13.115,12.291,12.813,15550561.0
2023-11-08,12.814,13.169,12.661,12.994,10599733.0
2023-11-09,12.993,13.987,11.627,12.972,27466152.0
2023-11-10,12.972,14.873,12.869,14.76,31421393.0
2023-11-11,14.761,17.026,14.002,16.808,40882851.0
2023-11-12,16.808,19.775,15.89,18.98,59530121.0
2023-11-13,18.984,19.778,16.109,16.122,40376851.0
2023-11-14,16.121,18.11,15.555,17.053,45628510.0
2023-11-15,17.054,20.97,17.01,20.708,57429154.0
2023-11-16,20.704,24.12,20.263,21.719,94664586.0
2023-11-17,21.717,24.68,20.001,21.928,81777427.0
2023-11-18,21.928,22.7,20.174,21.999,41250312.0
2023-11-19,21.999,23.05,20.763,22.862,32192114.0
2023-11-20,22.861,23.277,20.709,20.851,33839279.0
2023-11-21,20.851,22.309,18.93,19.032,57825291.0
2023-11-22,19.027,21.251,18.977,20.788,29129923.0
2023-11-23,20.788,21.489,20.42,20.644,19933657.0
2023-11-24,20.645,21.88,20.457,20.887,23327408.0
2023-11-25,20.887,21.495,20.63,21.378,12371801.0
2023-11-26,21.378,21.546,20.041,21.081,17793630.0
2023-11-27,21.082,21.315,19.8,20.361,17445244.0
2023-11-28,20.362,20.87,19.498,20.699,19234826.0
2023-11-29,20.699,21.576,20.558,21.125,20237984.0
2023-11-30,21.126,21.525,20.818,21.409,14842584.0
2023-12-01,21.409,22.646,21.114,21.875,21389489.0
2023-12-02,21.874,22.472,21.758,22.252,11262769.0
2023-12-03,22.252,22.77,21.551,21.957,11788335.0
2023-12-04,21.958,23.231,20.253,22.709,26349820.0
2023-12-05,22.703,24.86,21.813,24.557,28659775.0
2023-12-06,24.557,27.74,24.472,26.238,43538730.0
2023-12-07,26.237,27.954,25.747,26.28,34151461.0
2023-12-08,26.28,30.825,26.035,30.466,33404387.0
2023-12-09,30.467,34.324,30.458,31.94,48787215.0
2023-12-10,31.94,38.061,31.55,37.199,43131764.0
2023-12-11,37.198,39.465,31.626,38.055,80046023.0
2023-12-12,38.056,42.939,36.045,37.518,53358416.0
2023-12-13,37.518,41.5,34.07,39.021,55610384.0
2023-12-14,39.022,40.346,36.1,39.295,31258433.0
2023-12-15,39.292,42.353,38.509,39.749,37563005.0
2023-12-16,39.749,45.418,38.475,42.22,37652218.0
2023-12-17,42.217,44.061,40.28,40.627,24198238.0
2023-12-18,40.63,41.437,36.53,41.13,32225904.0
2023-12-19,41.132,42.217,38.751,39.74,23348506.0
2023-12-20,39.744,44.556,39.067,43.473,26597982.0
2023-12-21,43.474,47.545,43.11,46.02,27128188.0
2023-12-22,46.023,48.988,43.716,45.363,24083886.0
2023-12-23,45.363,48.356,43.334,48.106,17701762.0
2023-12-24,48.106,50.04,46.28,47.723,23147043.0
2023-12-25,47.721,49.0,46.0,48.231,15995806.0
2023-12-26,48.234,48.42,40.387,44.415,19537028.0
2023-12-27,44.413,44.97,41.931,42.457,14711864.0
2023-12-28,42.459,43.461,39.3,39.841,16597868.0
2023-12-29,39.842,42.187,38.515,40.204,17179373.0
2023-12-30,40.203,40.412,38.189,39.379,9905727.0
2023-12-31,39.379,40.6,37.461,38.589,9416286.0
2024-01-01,38.59,42.063,38.076,41.979,10053059.0
2024-01-02,41.979,43.499,40.306,40.654,13770212.0
2024-01-03,40.655,41.471,32.0,36.768,23253678.0
2024-01-04,36.771,39.451,36.051,38.705,13261499.0
2024-01-05,38.705,38.918,34.883,36.459,14275518.0
2024-01-06,36.458,36.507,33.432,34.616,10713602.0
2024-01-07,34.616,35.773,33.032,33.633,11628274.0
2024-01-08,33.635,36.439,31.145,36.07,22044838.0
2024-01-09,36.073,37.597,33.768,34.64,19931770.0
2024-01-10,34.638,39.532,33.282,38.547,17377159.0
2024-01-11,38.547,41.752,37.518,39.31,19331237.0
2024-01-12,39.31,39.597,34.1,35.929,14784011.0
2024-01-13,35.931,36.636,34.714,36.476,7865260.0
2024-01-14,36.478,37.874,35.27,35.283,11352420.0
2024-01-15,35.287,36.823,35.132,35.602,8170648.0
2024-01-16,35.602,36.559,34.77,35.567,9198700.0
2024-01-17,35.568,36.531,35.241,36.063,11299435.0
2024-01-18,36.064,36.202,32.714,33.587,11339379.0
2024-01-19,33.587,33.752,31.189,32.723,12045007.0
2024-01-20,32.723,32.999,32.027,32.882,6889041.0
2024-01-21,32.881,33.5,32.444,32.534,6446611.0
2024-01-22,32.535,32.741,29.311,29.535,16320108.0
2024-01-23,29.535,30.703,27.205,30.608,21774772.0
2024-01-24,30.609,31.89,29.492,31.179,16966478.0
2024-01-25,31.18,31.346,29.604,30.51,11259704.0
2024-01-26,30.511,33.095,30.111,32.249,12514512.0
2024-01-27,32.249,33.306,31.848,33.256,7064118.0
2024-01-28,33.256,36.709,33.184,34.82,21624313.0
2024-01-29,34.815,36.55,34.323,36.042,14988116.0
2024-01-30,36.041,37.141,35.0,35.214,12880825.0
2024-01-31,35.214,35.489,33.131,33.172,12343294.0
2024-02-01,33.173,33.957,32.221,33.841,9900201.0
2024-02-02,33.842,36.953,33.734,36.761,14323394.0
2024-02-03,36.76,37.618,35.396,35.952,8552399.0
2024-02-04,35.95,36.549,34.636,34.853,7002890.0
2024-02-05,34.854,35.896,34.103,34.53,8309539.0
2024-02-06,34.529,34.737,33.698,34.146,6601210.0
2024-02-07,34.145,35.52,33.616,35.295,8083022.0
2024-02-08,35.294,36.144,35.074,35.422,7358490.0
2024-02-09,35.421,38.618,35.396,38.009,12375414.0
2024-02-10,38.009,41.23,38.007,40.199,12999933.0
2024-02-11,40.199,41.201,39.365,39.73,8721765.0
2024-02-12,39.73,41.242,38.36,41.002,13196017.0
2024-02-13,41.002,41.728,38.864,39.756,11988360.0
2024-02-14,39.755,42.464,39.144,42.253,13215979.0
2024-02-15,42.254,43.7,40.901,41.575,14212706.0
2024-02-16,41.575,41.831,39.391,40.276,9961786.0
2024-02-17,40.276,40.51,38.395,39.782,7347438.0
2024-02-18,39.781,40.793,38.98,40.318,7189759.0
2024-02-19,40.318,40.676,39.095,39.54,9719316.0
2024-02-20,39.541,39.757,36.626,38.523,12478147.0
2024-02-21,38.528,38.577,35.903,37.622,9619153.0
2024-02-22,37.622,38.24,36.531,36.801,8516121.0
2024-02-23,36.8,36.988,35.151,35.943,9909784.0
2024-02-24,35.944,36.984,35.22,36.783,6095658.0
2024-02-25,36.783,37.525,36.438,37.495,6309179.0
2024-02-26,37.495,39.402,36.301,39.338,10611512.0
2024-02-27,39.338,40.02,38.34,39.288,8843062.0
2024-02-28,39.291,41.454,35.346,40.373,18578801.0
2024-02-29,40.373,44.752,39.645,40.997,19326706.0
2024-03-01,40.998,43.432,40.998,42.727,11737935.0
2024-03-02,42.727,44.723,42.02,44.436,10465590.0
2024-03-03,44.43,44.965,40.02,42.647,10951180.0
2024-03-04,42.647,44.096,41.444,43.121,13945661.0
2024-03-05,43.119,45.364,33.793,39.437,28661475.0
2024-03-06,39.436,42.196,37.93,41.598,13968526.0
2024-03-07,41.597,44.6,41.596,43.26,14724823.0
2024-03-08,43.261,44.046,41.107,42.666,10774258.0
2024-03-09,42.665,43.61,42.379,42.973,6133807.0
2024-03-10,42.975,43.994,40.869,42.084,7800623.0
2024-03-11,42.084,49.65,40.0,49.194,24446435.0
2024-03-12,49.179,57.434,46.441,55.555,38413484.0
2024-03-13,55.559,55.609,52.241,54.854,17834681.0
2024-03-14,54.853,59.369,50.522,54.016,24229074.0
2024-03-15,54.019,59.0,48.33,58.457,37817150.0
2024-03-16,58.456,61.515,52.002,53.478,29138568.0
2024-03-17,53.479,58.59,50.107,58.494,20097251.0
2024-03-18,58.49,65.48,55.31,60.696,34473149.0
2024-03-19,60.693,62.0,53.224,53.664,38485866.0
2024-03-20,53.664,58.199,50.445,57.077,28981515.0
2024-03-21,57.077,57.934,52.811,53.86,17504650.0
2024-03-22,53.86,57.804,51.638,53.456,18519604.0
2024-03-23,53.456,56.048,52.65,53.482,9826291.0
2024-03-24,53.483,55.871,52.45,55.733,8117121.0
2024-03-25,55.734,59.249,55.0,57.809,11079739.0
2024-03-26,57.807,59.341,55.402,55.826,9908722.0
2024-03-27,55.827,56.791,53.012,54.146,9740581.0
2024-03-28,54.146,55.112,53.219,54.684,5445014.0
2024-03-29,54.683,54.731,52.57,53.385,5844174.0
2024-03-30,53.391,54.703,52.801,52.98,5034048.0
2024-03-31,52.98,54.361,52.923,54.134,4217732.0
2024-04-01,54.135,54.209,50.239,51.434,10803726.0
2024-04-02,51.435,51.44,46.0,46.904,12741616.0
2024-04-03,46.902,48.342,44.997,45.914,9555335.0
2024-04-04,45.913,48.219,45.454,46.534,7306905.0
2024-04-05,46.534,46.627,44.0,45.337,7165951.0
2024-04-06,45.338,48.88,45.074,48.209,7113150.0
2024-04-07,48.21,49.523,47.906,49.347,4931918.0
2024-04-08,49.348,50.85,48.264,49.906,6814799.0
2024-04-09,49.906,50.013,46.373,46.5,7184694.0
2024-04-10,46.5,48.05,45.1,47.334,9125992.0
2024-04-11,47.334,47.547,45.618,46.064,5634743.0
2024-04-12,46.061,46.919,32.53,39.331,14664868.0
2024-04-13,39.331,39.343,28.53,33.89,26421034.0
2024-04-14,33.89,37.905,32.632,37.248,19885293.0
2024-04-15,37.248,38.582,34.079,35.136,15884104.0
2024-04-16,35.137,35.882,32.666,34.734,13997638.0
2024-04-17,34.733,35.35,32.209,33.55,13016128.0
2024-04-18,33.55,35.595,32.754,34.831,10801955.0
2024-04-19,34.831,36.134,31.887,34.651,12139430.0
2024-04-20,34.651,38.469,34.1,38.289,7409099.0
2024-04-21,38.289,38.75,36.33,37.114,6342142.0
2024-04-22,37.115,39.701,36.736,39.155,7992547.0
2024-04-23,39.155,39.89,37.95,38.284,5961552.0
2024-04-24,38.284,39.827,36.0,36.352,8794222.0
2024-04-25,36.352,36.733,34.686,35.56,7860584.0
2024-04-26,35.56,35.855,34.242,34.41,6550424.0
2024-04-27,34.41,35.12,33.0,34.449,6547061.0
2024-04-28,34.449,35.376,33.773,33.941,4942436.0
2024-04-29,33.941,35.879,32.809,35.271,9691190.0
2024-04-30,35.271,35.708,31.82,32.68,11191592.0
2024-05-01,32.68,33.936,30.561,33.308,11338381.0
2024-05-02,33.308,34.111,32.277,33.562,6605101.0
2024-05-03,33.562,35.917,33.274,35.529,5756198.0
2024-05-04,35.528,37.666,35.159,37.329,6268726.0
2024-05-05,37.329,37.985,36.642,37.33,6709532.0
2024-05-06,37.33,39.864,36.754,37.1,9249023.0
2024-05-07,37.099,37.594,35.24,35.295,6534550.0
2024-05-08,35.294,35.486,33.615,33.994,7251177.0
2024-05-09,33.994,35.364,33.711,35.043,5419782.0
2024-05-10,35.043,36.099,33.209,33.698,7432293.0
2024-05-11,33.699,34.041,33.026,33.482,4147716.0
2024-05-12,33.482,34.008,32.763,33.114,3285242.0
2024-05-13,33.114,33.805,31.9,32.443,7348389.0
2024-05-14,32.443,33.335,31.463,31.572,6989136.0
2024-05-15,31.572,34.787,31.333,34.658,7417778.0
2024-05-16,34.657,35.011,33.722,34.449,5430937.0
2024-05-17,34.449,37.59,34.248,36.41,7783872.0
2024-05-18,36.41,37.64,36.324,37.222,5149697.0
2024-05-19,37.222,37.741,35.347,35.58,5064740.0
2024-05-20,35.578,40.29,35.121,40.12,9647127.0
2024-05-21,40.119,41.435,39.639,41.224,10083277.0
2024-05-22,41.223,41.843,39.2,40.037,7644166.0
2024-05-23,40.037,40.504,36.0,38.524,10581808.0
2024-05-24,38.523,39.012,36.873,38.014,5416627.0
2024-05-25,38.013,38.725,37.709,38.289,2960160.0
2024-05-26,38.289,38.314,36.465,36.76,3760719.0
2024-05-27,36.76,38.988,36.657,38.286,4962501.0
2024-05-28,38.286,38.442,36.541,37.047,6228532.0
2024-05-29,37.046,37.529,36.15,36.208,5427007.0
2024-05-30,36.211,37.12,35.315,35.995,6040357.0
2024-05-31,35.995,36.819,35.219,36.05,4607773.0
2024-06-01,36.049,36.261,35.71,35.781,2361592.0
2024-06-02,35.781,36.22,34.778,34.937,4434608.0
2024-06-03,34.936,36.303,34.575,35.048,5835065.0
2024-06-04,35.049,36.31,34.45,36.095,5418668.0
2024-06-05,36.096,36.937,35.95,36.597,4542001.0
2024-06-06,36.597,37.237,35.725,35.917,4229936.0
2024-06-07,35.917,36.928,30.7,33.515,10876771.0
2024-06-08,33.515,33.73,31.916,32.262,4715828.0
2024-06-09,32.263,33.01,32.023,32.977,2827194.0
2024-06-10,32.977,33.467,32.01,32.279,5212925.0
2024-06-11,32.279,32.389,30.586,31.546,7818513.0
2024-06-12,31.546,34.0,30.787,33.279,7892074.0
2024-06-13,33.278,33.451,30.902,30.994,6682441.0
2024-06-14,30.995,32.238,29.272,30.275,8978331.0
2024-06-15,30.275,30.635,29.893,29.994,3453794.0
2024-06-16,29.994,30.467,29.654,30.06,4657598.0
2024-06-17,30.061,30.335,27.127,28.45,9975875.0
2024-06-18,28.45,28.541,24.5,26.582,14359986.0
2024-06-19,26.585,27.654,26.375,26.927,6113880.0
2024-06-20,26.928,28.87,26.66,27.57,8645667.0
2024-06-21,27.571,28.016,26.915,27.47,6948550.0
2024-06-22,27.47,27.498,24.509,25.603,14956809.0
2024-06-23,25.603,26.0,24.1,25.069,13529628.0
2024-06-24,25.069,25.241,23.436,24.768,15163288.0
2024-06-25,24.778,25.775,24.594,25.391,6966005.0
2024-06-26,25.39,26.643,25.267,25.807,10785697.0
2024-06-27,25.808,28.363,25.339,27.904,11539547.0
2024-06-28,27.905,29.09,27.655,27.957,10852495.0
2024-06-29,27.956,28.662,27.558,27.758,5557324.0
2024-06-30,27.759,29.568,27.39,29.356,7878374.0
2024-07-01,29.357,30.124,28.809,28.825,8915298.0
2024-07-02,28.825,28.908,28.076,28.699,7426904.0
2024-07-03,28.699,28.965,26.418,26.494,10236799.0
2024-07-04,26.495,26.685,24.267,24.431,10395998.0
2024-07-05,24.43,25.422,21.768,25.118,20060732.0
2024-07-06,25.12,27.602,24.846,27.388,7673807.0
2024-07-07,27.388,27.479,25.446,25.736,6471568.0
2024-07-08,25.736,27.206,24.523,25.188,11127297.0
2024-07-09,25.189,26.494,24.677,26.425,9012896.0
2024-07-10,26.425,27.416,25.608,25.74,6681376.0
2024-07-11,25.74,26.358,24.99,25.184,8058822.0
2024-07-12,25.185,26.08,24.801,25.954,6467400.0
2024-07-13,25.955,26.327,25.508,25.833,6430188.0
2024-07-14,25.837,26.662,25.567,26.332,6911221.0
2024-07-15,26.331,27.873,26.247,27.819,9096458.0
2024-07-16,27.819,29.241,26.436,27.995,12726735.0
2024-07-17,27.994,29.006,27.197,27.223,8806497.0
2024-07-18,27.225,27.924,26.548,27.118,6450138.0
2024-07-19,27.119,28.403,26.605,28.148,7507793.0
2024-07-20,28.148,29.173,27.735,29.093,5677693.0
2024-07-21,29.094,32.999,28.526,32.628,18295916.0
2024-07-22,32.628,32.95,31.3,31.859,12716733.0
2024-07-23,31.859,32.635,29.413,29.797,12124163.0
2024-07-24,29.795,30.535,28.242,28.356,13378758.0
2024-07-25,28.357,28.576,26.223,27.222,12163212.0
2024-07-26,27.222,28.834,27.158,28.693,8128800.0
2024-07-27,28.694,29.5,27.555,28.033,8146741.0
2024-07-28,28.032,28.157,27.048,27.377,5137358.0
2024-07-29,27.376,28.838,26.892,26.978,9434132.0
2024-07-30,26.977,27.294,26.002,26.303,7448375.0
2024-07-31,26.303,26.853,25.408,25.69,8049798.0
2024-08-01,25.691,25.921,23.982,25.688,9627764.0
2024-08-02,25.687,25.888,23.333,23.585,10189447.0
2024-08-03,23.584,24.1,22.167,22.656,9257681.0
2024-08-04,22.656,22.944,20.566,21.246,9860835.0
2024-08-05,21.246,21.372,17.252,19.527,39745016.0
2024-08-06,19.527,21.435,19.498,20.875,11528530.0
2024-08-07,20.875,21.677,19.681,19.842,10171756.0
2024-08-08,19.842,22.782,19.508,22.724,10324640.0
2024-08-09,22.724,22.788,21.265,21.735,7176712.0
2024-08-10,21.734,22.042,21.384,21.564,3512050.0
2024-08-11,21.564,22.374,20.358,20.386,7019613.0
2024-08-12,20.386,21.707,20.276,21.247,8725600.0
2024-08-13,21.246,21.612,20.578,21.367,6078765.0
2024-08-14,21.367,21.857,20.741,20.944,6472938.0
2024-08-15,20.943,21.139,19.8,20.108,9596324.0
2024-08-16,20.108,20.665,19.755,20.359,7280337.0
2024-08-17,20.359,20.694,20.215,20.688,3043394.0
2024-08-18,20.688,21.508,20.524,20.803,5557312.0
2024-08-19,20.804,21.233,20.364,21.196,6230242.0
2024-08-20,21.195,22.777,21.145,22.247,9703031.0
2024-08-21,22.246,23.785,22.228,23.518,11119387.0
2024-08-22,23.519,25.293,23.026,25.196,12101027.0
2024-08-23,25.197,27.011,25.189,26.483,17253432.0
2024-08-24,26.483,27.985,26.173,27.101,10116532.0
2024-08-25,27.098,27.663,26.118,26.898,8196217.0
2024-08-26,26.898,27.175,25.876,25.929,8747848.0
2024-08-27,25.928,26.793,23.652,24.067,10754158.0
2024-08-28,24.067,24.82,23.17,23.432,10562316.0
2024-08-29,23.43,24.664,22.763,22.879,8088271.0
2024-08-30,22.879,23.623,22.172,23.274,8089275.0
2024-08-31,23.275,23.389,22.454,22.786,3490416.0
2024-09-01,22.787,22.821,21.105,21.397,8770962.0
2024-09-02,21.396,22.561,21.349,22.351,6852574.0
2024-09-03,22.351,22.713,21.33,21.374,6539087.0
2024-09-04,21.373,22.301,20.449,21.893,8535225.0
2024-09-05,21.893,22.165,21.206,21.356,6822999.0
2024-09-06,21.356,22.183,20.455,21.143,12371388.0
2024-09-07,21.144,21.997,21.042,21.784,4641912.0
2024-09-08,21.784,23.492,21.703,23.231,9837145.0
2024-09-09,23.23,24.42,23.116,23.829,10764799.0
2024-09-10,23.829,24.609,23.552,24.336,7172084.0
2024-09-11,24.336,24.508,22.861,23.264,8665147.0
2024-09-12,23.261,24.101,23.25,24.005,7113069.0
2024-09-13,24.005,25.086,23.652,24.898,8468311.0
2024-09-14,24.897,25.65,24.604,25.317,5613070.0
2024-09-15,25.32,25.372,23.619,23.779,7038527.0
2024-09-16,23.779,24.219,23.204,23.496,7439929.0
2024-09-17,23.496,24.482,23.136,23.762,7011091.0
2024-09-18,23.762,24.726,22.756,24.697,8167908.0
2024-09-19,24.697,26.786,24.695,26.651,12050805.0
2024-09-20,26.651,28.816,26.451,27.655,13478453.0
2024-09-21,27.654,28.117,26.983,27.764,5713957.0
2024-09-22,27.765,27.782,26.422,27.287,6075989.0
2024-09-23,27.287,28.158,26.54,27.379,7924496.0
2024-09-24,27.379,28.549,26.822,28.462,7854948.0
2024-09-25,28.462,28.493,27.13,27.27,7262067.0
2024-09-26,27.272,29.425,26.946,29.155,9104785.0
2024-09-27,29.153,30.847,28.92,30.424,7890953.0
2024-09-28,30.425,30.744,29.019,29.277,5160683.0
2024-09-29,29.277,29.457,28.226,29.02,5795526.0
2024-09-30,29.022,29.104,27.533,27.698,8207137.0
2024-10-01,27.697,28.87,25.004,25.801,13297723.0
2024-10-02,25.8,26.766,25.006,25.317,9176112.0
2024-10-03,25.316,25.651,23.866,24.633,10203961.0
2024-10-04,24.63,26.472,24.411,26.248,6860173.0
2024-10-05,26.249,26.43,25.08,25.65,4149968.0
2024-10-06,25.65,27.067,25.479,26.916,5400366.0
2024-10-07,26.915,27.728,26.501,26.546,7540796.0
2024-10-08,26.547,27.171,26.01,26.335,6005179.0
2024-10-09,26.335,26.68,25.66,25.758,6023721.0
2024-10-10,25.759,26.354,25.05,25.842,6496336.0
2024-10-11,25.842,27.589,25.735,27.451,5530718.0
2024-10-12,27.451,29.364,27.389,28.624,7630787.0
2024-10-13,28.624,29.349,28.269,29.048,6238945.0
2024-10-14,29.049,29.858,28.637,29.047,8152277.0
2024-10-15,29.047,29.615,27.506,28.195,12121148.0
2024-10-16,28.193,28.207,27.236,28.007,6843127.0
2024-10-17,28.007,28.257,26.786,27.286,6326061.0
2024-10-18,27.286,28.148,27.083,28.077,4448273.0
2024-10-19,28.077,28.446,27.701,28.089,2956243.0
2024-10-20,28.088,29.0,27.744,28.97,4025631.0
2024-10-21,28.968,29.333,27.363,27.738,6576262.0
2024-10-22,27.737,28.217,27.191,27.629,5661225.0
2024-10-23,27.63,27.69,25.86,26.733,7181976.0
2024-10-24,26.736,27.233,26.366,26.819,4694882.0
2024-10-25,26.818,26.871,23.901,24.907,8786848.0
2024-10-26,24.908,25.663,24.528,25.388,4067120.0
2024-10-27,25.388,25.928,25.225,25.744,2428364.0
2024-10-28,25.744,26.522,25.033,26.252,5980239.0
2024-10-29,26.252,27.153,26.167,26.869,5664103.0
2024-10-30,26.869,26.898,25.979,26.161,5614366.0
2024-10-31,26.161,26.212,24.657,24.999,5846338.0
2024-11-01,25.0,25.7,24.371,24.773,6126937.0
2024-11-02,24.772,25.002,23.935,24.101,3190017.0
2024-11-03,24.101,24.191,22.589,23.517,7109219.0
2024-11-04,23.517,23.915,22.322,22.717,7022332.0
2024-11-05,22.718,24.47,22.583,23.973,6223957.0
2024-11-06,23.972,27.329,23.972,27.007,11594766.0
2024-11-07,27.007,28.02,26.52,27.395,8529341.0
2024-11-08,27.395,28.801,27.113,28.788,8948376.0
2024-11-09,28.789,30.51,28.48,30.389,9789343.0
2024-11-10,30.386,33.324,29.691,31.904,16852303.0
2024-11-11,31.905,35.838,30.727,35.748,17223715.0
2024-11-12,35.75,37.736,32.686,33.971,24726013.0
2024-11-13,33.972,35.078,31.226,33.13,20430353.0
2024-11-14,33.135,34.748,30.676,31.207,12278492.0
2024-11-15,31.206,33.316,30.578,33.132,10410609.0
2024-11-16,33.132,35.76,32.778,35.172,10245777.0
2024-11-17,35.175,37.304,33.101,34.738,15122883.0
2024-11-18,34.742,36.185,34.021,35.509,11465514.0
2024-11-19,35.509,35.669,33.522,34.224,8936433.0
2024-11-20,34.227,35.78,32.773,33.598,11082130.0
2024-11-21,33.6,36.244,32.312,35.873,11817383.0
2024-11-22,35.876,43.701,35.215,43.208,22478877.0
2024-11-23,43.208,45.318,40.719,41.463,21299339.0
2024-11-24,41.464,43.192,38.264,42.083,16297661.0
2024-11-25,42.091,47.954,40.056,41.335,24945608.0
2024-11-26,41.333,43.4,38.51,42.752,17941520.0
2024-11-27,42.75,44.494,41.95,43.819,14364088.0
2024-11-28,43.813,44.303,41.509,42.806,9055684.0
2024-11-29,42.805,45.098,42.565,44.886,8510698.0
2024-11-30,44.886,46.306,43.672,44.845,8909634.0
2024-12-01,44.845,45.85,43.619,45.145,8607501.0
2024-12-02,45.143,52.53,45.044,52.312,33893038.0
2024-12-03,52.313,53.99,47.866,50.931,23825496.0
2024-12-04,50.932,55.86,50.872,52.815,19474592.0
2024-12-05,52.813,53.699,48.35,50.314,16349392.0
2024-12-06,50.32,53.632,49.64,52.517,11451581.0
2024-12-07,52.518,53.14,51.241,51.632,6735169.0
2024-12-08,51.633,54.46,50.384,54.024,9425040.0
2024-12-09,54.025,54.266,39.6,44.98,24260330.0
2024-12-10,44.981,46.466,41.3,44.589,19357347.0
2024-12-11,44.588,48.45,42.806,48.446,10144649.0
2024-12-12,48.446,55.407,48.179,53.124,19705763.0
2024-12-13,53.129,54.005,50.614,52.781,11677374.0
2024-12-14,52.782,53.837,49.348,49.83,9079190.0
2024-12-15,49.83,51.385,48.064,50.765,9835859.0
2024-12-16,50.763,52.045,48.284,48.979,11078598.0
2024-12-17,48.979,50.864,47.51,47.898,11138959.0
2024-12-18,47.898,48.178,42.0,42.75,14786223.0
2024-12-19,42.753,43.585,37.416,38.807,19170664.0
2024-12-20,38.808,40.355,33.578,39.835,20051069.0
2024-12-21,39.834,42.33,36.902,37.408,13079236.0
2024-12-22,37.409,38.526,35.521,36.557,11429998.0
2024-12-23,36.556,39.722,35.6,39.083,13508064.0
2024-12-24,39.083,42.036,37.684,41.217,10454073.0
2024-12-25,41.217,41.866,39.8,40.236,6443785.0
2024-12-26,40.236,40.709,36.944,37.309,8508964.0
2024-12-27,37.308,39.028,36.274,36.552,8677603.0
2024-12-28,36.553,38.139,36.265,37.731,4508190.0
2024-12-29,37.731,37.791,35.51,35.818,4718538.0
2024-12-30,35.818,37.172,34.862,35.966,9050255.0
2024-12-31,35.965,37.292,34.909,35.688,6908014.0
