datetime,premium
2021-01-01,0.0017318
2021-01-02,0.00228423
2021-01-03,0.00299407
2021-01-04,0.00052467
2021-01-05,0.00104189
2021-01-06,0.00319805
2021-01-07,0.00146537
2021-01-08,0.0
2021-01-09,0.00220194
2021-01-10,0.00164542
2021-01-11,0.00190108
2021-01-12,0.0
2021-01-13,0.00148018
2021-01-14,0.00188689
2021-01-15,0.00188424
2021-01-16,0.0
2021-01-17,0.0
2021-01-18,0.00089116
2021-01-19,0.0
2021-01-20,0.00047128
2021-01-21,1.995e-05
2021-01-22,0.00023506
2021-01-23,0.00073605
2021-01-24,0.00213181
2021-01-25,0.0
2021-01-26,0.00136345
2021-01-27,0.0
2021-01-28,0.00093403
2021-01-29,0.00059709
2021-01-30,0.00265114
2021-01-31,0.00062536
2021-02-01,0.00158812
2021-02-02,0.00285036
2021-02-03,0.00161233
2021-02-04,0.00052305
2021-02-05,0.00127295
2021-02-06,0.00294344
2021-02-07,0.00042608
2021-02-08,0.00183933
2021-02-09,0.00259112
2021-02-10,0.00011437
2021-02-11,0.0017373
2021-02-12,0.00303086
2021-02-13,0.00244732
2021-02-14,0.000119
2021-02-15,0.0032097
2021-02-16,0.00131305
2021-02-17,0.00211016
2021-02-18,0.0011654
2021-02-19,0.00173759
2021-02-20,8.611e-05
2021-02-21,0.00105035
2021-02-22,0.00052057
2021-02-23,0.00172594
2021-02-24,0.00073844
2021-02-25,0.0
2021-02-26,0.00113771
2021-02-27,0.0
2021-02-28,0.0014655
2021-03-01,0.000372
2021-03-02,0.00063892
2021-03-03,0.0
2021-03-04,0.00073783
2021-03-05,0.0
2021-03-06,0.0
2021-03-07,0.00023932
2021-03-08,0.00131474
2021-03-09,0.0010156
2021-03-10,0.00043743
2021-03-11,0.00181911
2021-03-12,0.0
2021-03-13,0.00136177
2021-03-14,0.0
2021-03-15,2.524e-05
2021-03-16,0.001697
2021-03-17,0.00063935
2021-03-18,0.00055225
2021-03-19,0.00090652
2021-03-20,0.0011885
2021-03-21,0.00063187
2021-03-22,0.00087912
2021-03-23,0.00075189
2021-03-24,0.0
2021-03-25,0.00046333
2021-03-26,0.00059826
2021-03-27,0.00117692
2021-03-28,0.00056483
2021-03-29,0.00047596
2021-03-30,0.00106323
2021-03-31,0.00179873
2021-04-01,0.00051295
2021-04-02,0.0017493
2021-04-03,0.00170968
2021-04-04,0.00144448
2021-04-05,0.00203741
2021-04-06,0.00133935
2021-04-07,0.00080645
2021-04-08,0.00110654
2021-04-09,0.00115151
2021-04-10,0.00148873
2021-04-11,0.00257378
2021-04-12,0.00106728
2021-04-13,0.00148709
2021-04-14,0.00228614
2021-04-15,0.00043261
2021-04-16,0.00023764
2021-04-17,0.00077573
2021-04-18,0.00093186
2021-04-19,-0.00086505
2021-04-20,0.00032109
2021-04-21,9.573e-05
2021-04-22,0.0
2021-04-23,0.0009239
2021-04-24,0.0
2021-04-25,0.0
2021-04-26,0.00052014
2021-04-27,0.00064027
2021-04-28,0.00102618
2021-04-29,0.00154871
2021-04-30,0.00045031
2021-05-01,0.00183759
2021-05-02,0.00138671
2021-05-03,0.00085754
2021-05-04,0.00026161
2021-05-05,0.00164362
2021-05-06,0.00060704
2021-05-07,0.00030468
2021-05-08,0.00107667
2021-05-09,0.00053698
2021-05-10,-3.396e-05
2021-05-11,0.00043043
2021-05-12,0.00220219
2021-05-13,0.00036837
2021-05-14,0.00128762
2021-05-15,0.00053334
2021-05-16,-4.14e-05
2021-05-17,0.00044432
2021-05-18,0.00050254
2021-05-19,0.0
2021-05-20,3.216e-05
2021-05-21,0.00173946
2021-05-22,0.0
2021-05-23,-0.00197863
2021-05-24,0.00137067
2021-05-25,0.00012501
2021-05-26,0.00069688
2021-05-27,0.00136038
2021-05-28,-0.00085331
2021-05-29,-0.00121472
2021-05-30,-9.975e-05
2021-05-31,0.0
2021-06-01,1.172e-05
2021-06-02,0.0
2021-06-03,0.0
2021-06-04,-0.00055857
2021-06-05,0.0
2021-06-06,0.0
2021-06-07,0.00034784
2021-06-08,-0.00011183
2021-06-09,0.0
2021-06-10,-6.388e-05
2021-06-11,0.0
2021-06-12,-0.0001693
2021-06-13,-0.00051119
2021-06-14,-0.00053609
2021-06-15,-0.00027808
2021-06-16,-0.00030705
2021-06-17,0.0
2021-06-18,0.0
2021-06-19,-0.00070908
2021-06-20,-0.0001921
2021-06-21,-0.00161486
2021-06-22,0.00062671
2021-06-23,0.00110861
2021-06-24,0.0
2021-06-25,-0.00178981
2021-06-26,-0.00030754
2021-06-27,0.0
2021-06-28,0.0
2021-06-29,0.00016051
2021-06-30,0.0
2021-07-01,-0.00068854
2021-07-02,-0.00052819
2021-07-03,0.00010697
2021-07-04,-0.00015506
2021-07-05,0.0
2021-07-06,-0.00014772
2021-07-07,0.0
2021-07-08,-0.00045649
2021-07-09,-3.453e-05
2021-07-10,-0.00032586
2021-07-11,0.0
2021-07-12,-0.00044649
2021-07-13,0.0
2021-07-14,0.0
2021-07-15,0.0
2021-07-16,0.0
2021-07-17,-0.00063334
2021-07-18,-0.00017086
2021-07-19,-0.00045302
2021-07-20,-0.00083462
2021-07-21,-0.0003188
2021-07-22,-0.00026554
2021-07-23,0.0
2021-07-24,-0.00038477
2021-07-25,-0.00126596
2021-07-26,-0.0012466
2021-07-27,-0.00079379
2021-07-28,0.00015812
2021-07-29,-0.00016499
2021-07-30,0.0
2021-07-31,0.00060528
2021-08-01,0.0
2021-08-02,0.0
2021-08-03,0.00061491
2021-08-04,0.00046297
2021-08-05,0.0
2021-08-06,0.00073986
2021-08-07,0.00038856
2021-08-08,0.00041639
2021-08-09,0.0
2021-08-10,0.0002543
2021-08-11,0.00015436
2021-08-12,0.00013934
2021-08-13,0.00074161
2021-08-14,0.00128355
2021-08-15,0.00117273
2021-08-16,0.00030738
2021-08-17,0.00025876
2021-08-18,2.366e-05
2021-08-19,0.0004229
2021-08-20,0.00057827
2021-08-21,0.00061046
2021-08-22,0.00090329
2021-08-23,0.00131163
2021-08-24,0.00056622
2021-08-25,0.00047691
2021-08-26,0.00010267
2021-08-27,0.00093671
2021-08-28,0.00124394
2021-08-29,0.00107931
2021-08-30,0.00128124
2021-08-31,0.00069161
2021-09-01,0.00103979
2021-09-02,0.00090723
2021-09-03,0.00117806
2021-09-04,0.0005604
2021-09-05,0.00247074
2021-09-06,0.00101089
2021-09-07,0.00149827
2021-09-08,0.00055058
2021-09-09,0.00043628
2021-09-10,0.00029883
2021-09-11,0.0
2021-09-12,0.00089728
2021-09-13,0.00053237
2021-09-14,0.00050912
2021-09-15,0.0
2021-09-16,0.0006429
2021-09-17,0.00111621
2021-09-18,0.00054773
2021-09-19,0.00030234
2021-09-20,0.0
2021-09-21,0.0
2021-09-22,0.0
2021-09-23,-1.947e-05
2021-09-24,0.0
2021-09-25,-0.00038384
2021-09-26,-0.00025919
2021-09-27,0.0
2021-09-28,-0.00025082
2021-09-29,-0.00091088
2021-09-30,-1.346e-05
2021-10-01,0.0
2021-10-02,-0.00014091
2021-10-03,0.00042829
2021-10-04,0.00026824
2021-10-05,0.00122278
2021-10-06,0.00017372
2021-10-07,0.00075801
2021-10-08,0.00043937
2021-10-09,0.00077003
2021-10-10,6.306e-05
2021-10-11,0.0
2021-10-12,0.00048614
2021-10-13,0.00068359
2021-10-14,0.00097764
2021-10-15,0.00036112
2021-10-16,0.00077459
2021-10-17,0.00039429
2021-10-18,0.00067357
2021-10-19,0.00042854
2021-10-20,0.00108056
2021-10-21,0.00141402
2021-10-22,0.00068742
2021-10-23,0.00090809
2021-10-24,0.00015555
2021-10-25,0.00074456
2021-10-26,0.00061131
2021-10-27,-0.00016375
2021-10-28,0.0
2021-10-29,0.00067199
2021-10-30,0.00068866
2021-10-31,0.00099136
2021-11-01,0.00089214
2021-11-02,0.00057695
2021-11-03,0.00035353
2021-11-04,0.00040361
2021-11-05,0.00096909
2021-11-06,0.0001077
2021-11-07,0.00130155
2021-11-08,0.00138948
2021-11-09,0.00102739
2021-11-10,0.00065193
2021-11-11,7.083e-05
2021-11-12,0.0
2021-11-13,6.9e-07
2021-11-14,0.00049239
2021-11-15,0.00090511
2021-11-16,0.0
2021-11-17,0.00033784
2021-11-18,0.0008111
2021-11-19,0.0
2021-11-20,0.00061142
2021-11-21,-0.00048597
2021-11-22,0.0
2021-11-23,0.00053489
2021-11-24,0.00047506
2021-11-25,0.00107216
2021-11-26,0.00111387
2021-11-27,0.00034897
2021-11-28,0.00032141
2021-11-29,0.00025245
2021-11-30,0.00073241
2021-12-01,0.00023635
2021-12-02,0.00030005
2021-12-03,-0.00016183
2021-12-04,-0.00023154
2021-12-05,0.0
2021-12-06,-0.00166885
2021-12-07,0.00064018
2021-12-08,0.0
2021-12-09,-2.323e-05
2021-12-10,0.0
2021-12-11,-0.00058963
2021-12-12,-7.862e-05
2021-12-13,-0.00071976
2021-12-14,-0.00094648
2021-12-15,-0.00071262
2021-12-16,0.0
2021-12-17,-0.000438
2021-12-18,-0.00046447
2021-12-19,0.0
2021-12-20,7.08e-06
2021-12-21,0.0
2021-12-22,0.0
2021-12-23,-0.00032056
2021-12-24,1.277e-05
2021-12-25,0.0
2021-12-26,-3.818e-05
2021-12-27,0.00028485
2021-12-28,0.0
2021-12-29,0.0
2021-12-30,-0.00043013
2021-12-31,-0.00016639
2022-01-01,-0.00031783
2022-01-02,0.0
2022-01-03,-0.00052944
2022-01-04,-0.00027473
2022-01-05,-0.00161905
2022-01-06,0.0
2022-01-07,0.00041646
2022-01-08,0.0
2022-01-09,-0.0002959
2022-01-10,0.0
2022-01-11,-1.897e-05
2022-01-12,9.682e-05
2022-01-13,0.00045973
2022-01-14,-0.00103559
2022-01-15,-0.00018255
2022-01-16,3.889e-05
2022-01-17,-0.00074033
2022-01-18,-0.00059904
2022-01-19,-0.00026204
2022-01-20,-0.00021979
2022-01-21,0.0
2022-01-22,-1.425e-05
2022-01-23,0.0
2022-01-24,-3.719e-05
2022-01-25,-0.00060274
2022-01-26,-0.00022991
2022-01-27,-0.00081008
2022-01-28,-0.00041898
2022-01-29,-0.0012558
2022-01-30,-0.00058545
2022-01-31,-0.00040087
2022-02-01,-0.00012255
2022-02-02,-0.00081016
2022-02-03,-0.00087004
2022-02-04,-0.00024221
2022-02-05,-0.00064857
2022-02-06,0.0
2022-02-07,-0.00026948
2022-02-08,-0.00042445
2022-02-09,-5.678e-05
2022-02-10,-0.00118976
2022-02-11,-0.00062258
2022-02-12,0.00035595
2022-02-13,-0.00066661
2022-02-14,-0.00041134
2022-02-15,-0.0004073
2022-02-16,0.0
2022-02-17,-0.00106603
2022-02-18,-0.00051977
2022-02-19,0.0
2022-02-20,8.445e-05
2022-02-21,-0.00039382
2022-02-22,-0.00028658
2022-02-23,0.0
2022-02-24,-6.12e-05
2022-02-25,0.0
2022-02-26,0.0
2022-02-27,0.0
2022-02-28,-0.00031052
2022-03-01,0.0
2022-03-02,-0.00020465
2022-03-03,-0.00047441
2022-03-04,-0.00011211
2022-03-05,-0.00022201
2022-03-06,-0.00014194
2022-03-07,-0.00084825
2022-03-08,-8.31e-06
2022-03-09,-0.00034547
2022-03-10,0.0
2022-03-11,-0.00066136
2022-03-12,-0.00061757
2022-03-13,0.0
2022-03-14,-0.00088901
2022-03-15,0.0
2022-03-16,-0.0001258
2022-03-17,0.00019337
2022-03-18,-0.00064355
2022-03-19,-0.00017985
2022-03-20,0.0
2022-03-21,-0.00052872
2022-03-22,-0.00027224
2022-03-23,-1.667e-05
2022-03-24,0.0
2022-03-25,-0.00036041
2022-03-26,-0.00037648
2022-03-27,-0.00011016
2022-03-28,0.00063279
2022-03-29,-0.00058791
2022-03-30,0.0
2022-03-31,-0.00020584
2022-04-01,0.00011226
2022-04-02,0.00028263
2022-04-03,0.0
2022-04-04,0.0004385
2022-04-05,0.0
2022-04-06,-7.8e-05
2022-04-07,-0.00024282
2022-04-08,-0.00069476
2022-04-09,0.0
2022-04-10,-0.00096116
2022-04-11,-6.513e-05
2022-04-12,0.0
2022-04-13,0.0
2022-04-14,-0.00065571
2022-04-15,-0.00066031
2022-04-16,0.00014044
2022-04-17,-0.00091984
2022-04-18,-6.18e-05
2022-04-19,-0.00035691
2022-04-20,0.0
2022-04-21,-0.0005159
2022-04-22,0.0
2022-04-23,0.0
2022-04-24,-0.00032014
2022-04-25,-0.00060309
2022-04-26,-0.00027683
2022-04-27,-0.00068837
2022-04-28,-0.00033567
2022-04-29,0.0
2022-04-30,-0.00064762
2022-05-01,-0.00055267
2022-05-02,-0.00022316
2022-05-03,-0.00027608
2022-05-04,-0.00014073
2022-05-05,-0.00030993
2022-05-06,-0.00028847
2022-05-07,-0.00035258
2022-05-08,-0.00065576
2022-05-09,-0.00328611
2022-05-10,-0.00066044
2022-05-11,0.00017754
2022-05-12,-1.152e-05
2022-05-13,0.0
2022-05-14,-0.0008547
2022-05-15,0.0
2022-05-16,0.0
2022-05-17,-0.00091896
2022-05-18,-0.00051777
2022-05-19,0.0
2022-05-20,-0.00018438
2022-05-21,-0.00076924
2022-05-22,-0.00105116
2022-05-23,0.0
2022-05-24,-0.00010972
2022-05-25,-0.00050841
2022-05-26,-5.133e-05
2022-05-27,0.0
2022-05-28,-0.00140901
2022-05-29,-0.00085029
2022-05-30,-0.00028705
2022-05-31,0.00037659
2022-06-01,-0.00013444
2022-06-02,-0.00089256
2022-06-03,-0.00069203
2022-06-04,0.0
2022-06-05,0.00011994
2022-06-06,0.0
2022-06-07,-0.00015207
2022-06-08,0.0
2022-06-09,0.0
2022-06-10,-0.00065738
2022-06-11,0.0
2022-06-12,-0.00066402
2022-06-13,0.00012552
2022-06-14,-0.00041559
2022-06-15,-0.00019256
2022-06-16,0.0
2022-06-17,-0.00021335
2022-06-18,-0.00109257
2022-06-19,-0.00048215
2022-06-20,-0.0001294
2022-06-21,0.0
2022-06-22,0.0
2022-06-23,-0.00044347
2022-06-24,0.0
2022-06-25,-0.00076282
2022-06-26,0.0
2022-06-27,0.0
2022-06-28,-0.00057195
2022-06-29,-0.00080045
2022-06-30,0.0
2022-07-01,-0.00020379
2022-07-02,0.0
2022-07-03,-6.152e-05
2022-07-04,-0.00026522
2022-07-05,-0.00062863
2022-07-06,-0.00032602
2022-07-07,-0.00120884
2022-07-08,-0.00065807
2022-07-09,0.0
2022-07-10,-0.00046552
2022-07-11,-0.00069092
2022-07-12,-0.00073593
2022-07-13,-0.00061597
2022-07-14,0.0
2022-07-15,0.0
2022-07-16,-3.742e-05
2022-07-17,0.0
2022-07-18,0.0
2022-07-19,-0.00028954
2022-07-20,-6.758e-05
2022-07-21,-0.00039344
2022-07-22,0.0
2022-07-23,-0.00059468
2022-07-24,-2.957e-05
2022-07-25,-0.00062946
2022-07-26,-0.00034578
2022-07-27,-0.00086562
2022-07-28,0.0
2022-07-29,0.00026543
2022-07-30,0.0
2022-07-31,-0.00016942
2022-08-01,-0.00062471
2022-08-02,-0.00102229
2022-08-03,-0.00040841
2022-08-04,-0.000406
2022-08-05,-0.00047589
2022-08-06,-0.0003241
2022-08-07,0.0
2022-08-08,-0.00101682
2022-08-09,-0.00077749
2022-08-10,-0.0007289
2022-08-11,-0.00020681
2022-08-12,-0.00057141
2022-08-13,-0.00011783
2022-08-14,-0.00018771
2022-08-15,-0.00050685
2022-08-16,-0.00028883
2022-08-17,-0.00014074
2022-08-18,-0.00017767
2022-08-19,-0.00055239
2022-08-20,-0.00085881
2022-08-21,-0.00039707
2022-08-22,-0.00098104
2022-08-23,-0.00051004
2022-08-24,-0.00045679
2022-08-25,-0.00055177
2022-08-26,-0.00013367
2022-08-27,-0.00033872
2022-08-28,-0.00032996
2022-08-29,-0.00063649
2022-08-30,0.0
2022-08-31,-0.00087557
2022-09-01,-6.977e-05
2022-09-02,-0.00048135
2022-09-03,-0.00052878
2022-09-04,-0.00067449
2022-09-05,-0.00038455
2022-09-06,-0.00021167
2022-09-07,-0.00016306
2022-09-08,0.0
2022-09-09,-0.0008492
2022-09-10,-0.00056019
2022-09-11,-0.000561
2022-09-12,-0.00069667
2022-09-13,-0.000866
2022-09-14,-9.304e-05
2022-09-15,-0.00080058
2022-09-16,-7.115e-05
2022-09-17,-0.00057596
2022-09-18,-0.00015019
2022-09-19,-0.0004686
2022-09-20,-0.00013205
2022-09-21,-0.00102012
2022-09-22,-0.0006464
2022-09-23,-0.00050721
2022-09-24,-4.867e-05
2022-09-25,-0.00030477
2022-09-26,-0.00050661
2022-09-27,-0.00036585
2022-09-28,-0.00035899
2022-09-29,-0.00042327
2022-09-30,-0.00037999
2022-10-01,-0.00027939
2022-10-02,-0.0007458
2022-10-03,-0.00062662
2022-10-04,-0.00042007
2022-10-05,-0.00037238
2022-10-06,-0.00021946
2022-10-07,-0.000217
2022-10-08,-0.00010934
2022-10-09,-0.00057756
2022-10-10,-0.00083155
2022-10-11,-0.00059143
2022-10-12,-0.00033089
2022-10-13,-0.00069037
2022-10-14,-0.0009358
2022-10-15,-0.00056392
2022-10-16,-0.00087929
2022-10-17,-0.00021515
2022-10-18,0.00019354
2022-10-19,-0.00059268
2022-10-20,-0.00037965
2022-10-21,-0.00054344
2022-10-22,-0.00052107
2022-10-23,-0.00018893
2022-10-24,-0.0001219
2022-10-25,-0.00069038
2022-10-26,-0.00049241
2022-10-27,-0.00030904
2022-10-28,-0.00026641
2022-10-29,-0.00045401
2022-10-30,-0.00049583
2022-10-31,-0.00044675
2022-11-01,-0.00069587
2022-11-02,-0.00087149
2022-11-03,-4.401e-05
2022-11-04,-0.00019641
2022-11-05,-5.184e-05
2022-11-06,-0.00022592
2022-11-07,-0.0001507
2022-11-08,-1.958e-05
2022-11-09,0.0
2022-11-10,0.0
2022-11-11,0.0
2022-11-12,-5.865e-05
2022-11-13,-0.00027927
2022-11-14,-3.903e-05
2022-11-15,-0.00024168
2022-11-16,-0.00119957
2022-11-17,-0.00033122
2022-11-18,-0.00062355
2022-11-19,-0.0005424
2022-11-20,-0.00098743
2022-11-21,-0.00063387
2022-11-22,-0.00029368
2022-11-23,-0.00077227
2022-11-24,-0.00055453
2022-11-25,0.0
2022-11-26,-0.00070469
2022-11-27,-0.00035883
2022-11-28,-0.00074874
2022-11-29,-0.00082255
2022-11-30,-0.00049457
2022-12-01,0.0
2022-12-02,0.0
2022-12-03,-0.00036895
2022-12-04,-0.00047018
2022-12-05,-0.00077595
2022-12-06,-0.00068146
2022-12-07,-0.00037389
2022-12-08,-0.00014491
2022-12-09,-0.00030458
2022-12-10,-0.00059377
2022-12-11,-0.00069838
2022-12-12,-0.00042043
2022-12-13,-1.612e-05
2022-12-14,-0.0006401
2022-12-15,-0.00051618
2022-12-16,-0.00062662
2022-12-17,-0.00033212
2022-12-18,-0.00019645
2022-12-19,-0.00018763
2022-12-20,-0.00038188
2022-12-21,-0.00038462
2022-12-22,-0.00019734
2022-12-23,-0.00051526
2022-12-24,-0.00046764
2022-12-25,-0.00067591
2022-12-26,-0.00040709
2022-12-27,-0.00023381
2022-12-28,-0.00035082
2022-12-29,-0.00056466
2022-12-30,-0.00035479
2022-12-31,0.0
2023-01-01,-0.00017045
2023-01-02,-0.00019024
2023-01-03,-0.00042952
2023-01-04,-0.00046014
2023-01-05,-0.00067414
2023-01-06,-0.00048972
2023-01-07,-0.0006061
2023-01-08,0.00013888
2023-01-09,-0.00022715
2023-01-10,-0.00011798
2023-01-11,-0.00056433
2023-01-12,-0.0004984
2023-01-13,0.0
2023-01-14,0.00018239
2023-01-15,0.00053692
2023-01-16,0.00046279
2023-01-17,0.00020828
2023-01-18,-0.00032425
2023-01-19,0.0
2023-01-20,5.015e-05
2023-01-21,0.00028536
2023-01-22,0.00010453
2023-01-23,0.00013646
2023-01-24,-0.00018114
2023-01-25,0.00015107
2023-01-26,0.00052512
2023-01-27,0.00092223
2023-01-28,0.0
2023-01-29,0.0
2023-01-30,7.72e-06
2023-01-31,-0.0001951
2023-02-01,0.00111716
2023-02-02,0.00096115
2023-02-03,0.00056748
2023-02-04,0.00037806
2023-02-05,-4.418e-05
2023-02-06,0.0
2023-02-07,0.00015674
2023-02-08,0.0
2023-02-09,-0.00057797
2023-02-10,-0.0003972
2023-02-11,-0.00065256
2023-02-12,-0.00053748
2023-02-13,-0.00041073
2023-02-14,-0.00036316
2023-02-15,0.0
2023-02-16,0.00010144
2023-02-17,0.0
2023-02-18,0.00065025
2023-02-19,0.00082922
2023-02-20,0.00013824
2023-02-21,0.00019223
2023-02-22,0.0
2023-02-23,0.00024044
2023-02-24,-9.878e-05
2023-02-25,-0.0006456
2023-02-26,-0.00069957
2023-02-27,-0.00077513
2023-02-28,-0.00019526
2023-03-01,-0.00036627
2023-03-02,-0.00058214
2023-03-03,-0.0002433
2023-03-04,-0.00016511
2023-03-05,-0.00024549
2023-03-06,-6.747e-05
2023-03-07,-1.62e-05
2023-03-08,-0.00033719
2023-03-09,-0.00074784
2023-03-10,-0.00087618
2023-03-11,-0.00038013
2023-03-12,0.0
2023-03-13,0.0
2023-03-14,0.0
2023-03-15,-0.00031625
2023-03-16,-0.00077465
2023-03-17,-0.00035061
2023-03-18,-4.947e-05
2023-03-19,4.478e-05
2023-03-20,-0.00023359
2023-03-21,0.0
2023-03-22,-0.00018414
2023-03-23,-0.00055887
2023-03-24,-0.00012161
2023-03-25,-0.00052138
2023-03-26,-0.000411
2023-03-27,-0.00050313
2023-03-28,-0.00046225
2023-03-29,-0.00021673
2023-03-30,-0.00090054
2023-03-31,-0.00035396
2023-04-01,-0.00033776
2023-04-02,-0.00096664
2023-04-03,-0.00032349
2023-04-04,-0.00012827
2023-04-05,-0.00057503
2023-04-06,-0.00053621
2023-04-07,-0.00030992
2023-04-08,-0.00052556
2023-04-09,-0.0005193
2023-04-10,-0.00025511
2023-04-11,-0.00042716
2023-04-12,-2.2e-07
2023-04-13,-1.876e-05
2023-04-14,0.00011054
2023-04-15,0.0009855
2023-04-16,0.00050484
2023-04-17,0.00052674
2023-04-18,0.00044988
2023-04-19,-5.872e-05
2023-04-20,-0.00048776
2023-04-21,-0.00046297
2023-04-22,-0.00077945
2023-04-23,-0.00026904
2023-04-24,-0.00029229
2023-04-25,-0.00027539
2023-04-26,-0.00071271
2023-04-27,-0.00022981
2023-04-28,-0.00049958
2023-04-29,-0.00035801
2023-04-30,-0.00090231
2023-05-01,-0.00074572
2023-05-02,-0.00035842
2023-05-03,-0.00029502
2023-05-04,-0.00058045
2023-05-05,-0.00030138
2023-05-06,-0.00047952
2023-05-07,-0.00024605
2023-05-08,-0.00047963
2023-05-09,-0.00043657
2023-05-10,-0.00044058
2023-05-11,-0.00078769
2023-05-12,0.0
2023-05-13,-0.00018314
2023-05-14,-0.00012403
2023-05-15,-0.00056812
2023-05-16,-0.00018928
2023-05-17,-0.00029612
2023-05-18,-0.00069652
2023-05-19,-0.00020334
2023-05-20,-0.00052458
2023-05-21,-0.00048504
2023-05-22,-0.0002286
2023-05-23,-0.00031843
2023-05-24,-0.00040058
2023-05-25,-0.0003287
2023-05-26,-0.00043781
2023-05-27,-0.00029398
2023-05-28,-0.00018991
2023-05-29,-0.00020017
2023-05-30,-0.0001341
2023-05-31,-0.00060252
2023-06-01,-0.00016282
2023-06-02,-0.00078882
2023-06-03,-0.00035296
2023-06-04,-0.00059025
2023-06-05,-0.00075781
2023-06-06,-0.0002222
2023-06-07,-0.00051096
2023-06-08,-0.00018357
2023-06-09,-0.00041957
2023-06-10,-0.00044405
2023-06-11,-0.00064312
2023-06-12,-0.00056096
2023-06-13,-0.00053052
2023-06-14,-0.00036255
2023-06-15,-0.00075993
2023-06-16,-0.00010237
2023-06-17,-0.00059641
2023-06-18,-0.00067779
2023-06-19,-0.00082977
2023-06-20,-0.00012111
2023-06-21,-0.00066165
2023-06-22,-0.00039244
2023-06-23,-5.756e-05
2023-06-24,-0.00080832
2023-06-25,-0.00026966
2023-06-26,-0.00025804
2023-06-27,-0.00026018
2023-06-28,-0.00015521
2023-06-29,-0.00030342
2023-06-30,-8.686e-05
2023-07-01,0.0
2023-07-02,-9.116e-05
2023-07-03,-6.764e-05
2023-07-04,0.0
2023-07-05,-0.0003434
2023-07-06,-0.0004653
2023-07-07,-4.247e-05
2023-07-08,-0.00014171
2023-07-09,-0.00057555
2023-07-10,-0.00053675
2023-07-11,-0.00052839
2023-07-12,-0.00034602
2023-07-13,-0.0005259
2023-07-14,-2.583e-05
2023-07-15,-0.00045374
2023-07-16,-0.00014687
2023-07-17,-0.00020447
2023-07-18,-3.55e-05
2023-07-19,-0.00066088
2023-07-20,-0.00066057
2023-07-21,-0.00045999
2023-07-22,-0.00020563
2023-07-23,-0.00053676
2023-07-24,-0.00075486
2023-07-25,-0.00058887
2023-07-26,-0.00089103
2023-07-27,-0.0007484
2023-07-28,-0.0004403
2023-07-29,-0.00033831
2023-07-30,-0.0006791
2023-07-31,-0.00014226
2023-08-01,-3.273e-05
2023-08-02,-0.0003392
2023-08-03,-0.00032301
2023-08-04,-0.00051788
2023-08-05,-0.00050754
2023-08-06,-0.00062142
2023-08-07,0.0
2023-08-08,-0.0001326
2023-08-09,-0.00021372
2023-08-10,-0.00027159
2023-08-11,-0.00043845
2023-08-12,-0.00045634
2023-08-13,-0.00092153
2023-08-14,-0.00022544
2023-08-15,-0.00075306
2023-08-16,-8.809e-05
2023-08-17,-0.0008281
2023-08-18,-0.00028532
2023-08-19,-0.00060588
2023-08-20,-0.00041465
2023-08-21,-0.00059497
2023-08-22,-0.00024223
2023-08-23,-0.00044824
2023-08-24,-0.00093174
2023-08-25,-0.00056263
2023-08-26,-0.00059398
2023-08-27,-0.00056973
2023-08-28,-0.00010563
2023-08-29,-0.00044441
2023-08-30,-0.00077753
2023-08-31,-0.00035492
2023-09-01,-0.00056338
2023-09-02,-0.00057046
2023-09-03,-0.00021826
2023-09-04,-0.00073797
2023-09-05,-0.00040427
2023-09-06,-0.00045321
2023-09-07,-0.00049305
2023-09-08,-0.00053602
2023-09-09,-0.00039701
2023-09-10,-0.00039713
2023-09-11,-0.00084815
2023-09-12,-0.00023506
2023-09-13,-0.00072783
2023-09-14,-0.000425
2023-09-15,-0.00083505
2023-09-16,-0.00074833
2023-09-17,-0.00089884
2023-09-18,-0.00044978
2023-09-19,-0.00070241
2023-09-20,-0.00025754
2023-09-21,-0.00010971
2023-09-22,-0.00027471
2023-09-23,-0.00092252
2023-09-24,-0.00080193
2023-09-25,-0.00062742
2023-09-26,-0.00064749
2023-09-27,-0.00054074
2023-09-28,-0.00053852
2023-09-29,-0.00047871
2023-09-30,-0.00060403
2023-10-01,0.0
2023-10-02,-0.00071939
2023-10-03,-0.00077772
2023-10-04,-0.0008533
2023-10-05,-0.0006563
2023-10-06,-0.00063852
2023-10-07,-8.811e-05
2023-10-08,-0.00062572
2023-10-09,-7.518e-05
2023-10-10,-0.00020528
2023-10-11,-0.00062917
2023-10-12,-0.00054832
2023-10-13,-0.00053899
2023-10-14,-0.00041629
2023-10-15,-0.00036968
2023-10-16,-0.00075888
2023-10-17,-0.00030159
2023-10-18,-0.00021168
2023-10-19,-0.00035488
2023-10-20,-0.00036085
2023-10-21,-0.00020033
2023-10-22,-0.00065717
2023-10-23,0.00043781
2023-10-24,0.0
2023-10-25,-0.0003578
2023-10-26,0.00016512
2023-10-27,2.512e-05
2023-10-28,0.0
2023-10-29,0.0
2023-10-30,0.00022704
2023-10-31,0.00019322
2023-11-01,0.0014307
2023-11-02,0.00044502
2023-11-03,0.00124716
2023-11-04,0.00058927
2023-11-05,0.00049033
2023-11-06,0.00086681
2023-11-07,0.00060959
2023-11-08,0.00027426
2023-11-09,8.67e-05
2023-11-10,0.00053046
2023-11-11,0.00064333
2023-11-12,0.00061754
2023-11-13,0.00054673
2023-11-14,0.0008064
2023-11-15,0.00050593
2023-11-16,0.0
2023-11-17,-0.00019554
2023-11-18,0.0
2023-11-19,0.0
2023-11-20,0.00077643
2023-11-21,-0.00089545
2023-11-22,0.000167
2023-11-23,0.00054308
2023-11-24,0.0
2023-11-25,0.0003623
2023-11-26,-5.861e-05
2023-11-27,-0.00029929
2023-11-28,0.00017085
2023-11-29,0.0
2023-11-30,0.0
2023-12-01,0.0
2023-12-02,0.00029723
2023-12-03,0.00092739
2023-12-04,0.00078519
2023-12-05,0.00103563
2023-12-06,0.0
2023-12-07,0.0006501
2023-12-08,0.00075451
2023-12-09,0.00069355
2023-12-10,0.00091672
2023-12-11,0.00011271
2023-12-12,0.00032828
2023-12-13,0.0
2023-12-14,0.00068911
2023-12-15,7.575e-05
2023-12-16,0.00039303
2023-12-17,0.00077935
2023-12-18,0.0002496
2023-12-19,0.00035211
2023-12-20,0.00076685
2023-12-21,0.00045439
2023-12-22,0.00089291
2023-12-23,0.00088725
2023-12-24,0.00078064
2023-12-25,0.00109512
2023-12-26,0.00121061
2023-12-27,0.00152603
2023-12-28,0.00099878
2023-12-29,0.00059563
2023-12-30,0.00058898
2023-12-31,0.00037749
2024-01-01,0.00074173
2024-01-02,0.00079805
2024-01-03,0.0
2024-01-04,-0.00013129
2024-01-05,-2.136e-05
2024-01-06,0.0
2024-01-07,-0.00024954
2024-01-08,-0.00022191
2024-01-09,0.0
2024-01-10,0.0
2024-01-11,7.272e-05
2024-01-12,0.0
2024-01-13,-7.957e-05
2024-01-14,0.00018102
2024-01-15,0.0
2024-01-16,0.00017587
2024-01-17,0.0
2024-01-18,-0.000111
2024-01-19,0.00080337
2024-01-20,0.00032792
2024-01-21,0.00025595
2024-01-22,0.00025161
2024-01-23,-4.321e-05
2024-01-24,-0.00020961
2024-01-25,-6.247e-05
2024-01-26,-0.0004033
2024-01-27,-0.00048591
2024-01-28,-0.00037254
2024-01-29,-5.148e-05
2024-01-30,-1.014e-05
2024-01-31,-0.00012015
2024-02-01,0.00037159
2024-02-02,-0.00035901
2024-02-03,0.0
2024-02-04,6.4e-05
2024-02-05,-1.722e-05
2024-02-06,0.0
2024-02-07,0.0
2024-02-08,-0.00023027
2024-02-09,0.0
2024-02-10,0.0
2024-02-11,0.000353
2024-02-12,0.0002273
2024-02-13,0.00046147
2024-02-14,0.00059567
2024-02-15,0.00080865
2024-02-16,0.00028062
2024-02-17,0.00084092
2024-02-18,0.0007529
2024-02-19,0.00062433
2024-02-20,0.00113627
2024-02-21,8.468e-05
2024-02-22,0.00082114
2024-02-23,0.00090483
2024-02-24,0.00066673
2024-02-25,0.00074516
2024-02-26,0.00043532
2024-02-27,0.00124072
2024-02-28,0.00094767
2024-02-29,0.00089706
2024-03-01,0.00091848
2024-03-02,0.0012476
2024-03-03,0.00106768
2024-03-04,0.00103985
2024-03-05,0.0
2024-03-06,0.00097234
2024-03-07,0.00103576
2024-03-08,0.00114858
2024-03-09,0.00098273
2024-03-10,0.00123999
2024-03-11,0.00160547
2024-03-12,0.00109649
2024-03-13,0.00074154
2024-03-14,0.00120776
2024-03-15,0.00101594
2024-03-16,0.00088504
2024-03-17,0.00056228
2024-03-18,0.00093904
2024-03-19,0.00040351
2024-03-20,0.0008853
2024-03-21,0.0005436
2024-03-22,0.001331
2024-03-23,0.00057984
2024-03-24,0.00082328
2024-03-25,0.00070742
2024-03-26,0.00059446
2024-03-27,0.00123004
2024-03-28,0.00098678
2024-03-29,0.0010028
2024-03-30,0.00071198
2024-03-31,0.00116833
2024-04-01,0.00056743
2024-04-02,0.00082182
2024-04-03,0.00041019
2024-04-04,0.00014082
2024-04-05,0.00052787
2024-04-06,1.333e-05
2024-04-07,0.00029161
2024-04-08,0.00078365
2024-04-09,0.00056379
2024-04-10,0.00057981
2024-04-11,0.00060363
2024-04-12,-0.00016508
2024-04-13,-0.00018856
2024-04-14,-0.0009388
2024-04-15,-0.00017511
2024-04-16,-0.00047273
2024-04-17,-0.00056948
2024-04-18,-0.00032707
2024-04-19,-0.0002419
2024-04-20,-0.00052759
2024-04-21,-0.00047345
2024-04-22,-0.000483
2024-04-23,-0.00062541
2024-04-24,-0.00050453
2024-04-25,-0.00058223
2024-04-26,0.0
2024-04-27,-0.00062452
2024-04-28,-0.00060655
2024-04-29,-0.00025811
2024-04-30,-0.00050018
2024-05-01,-0.00035101
2024-05-02,-0.00028025
2024-05-03,-0.00028156
2024-05-04,-0.00055437
2024-05-05,-0.00028041
2024-05-06,-0.00035377
2024-05-07,-0.00019751
2024-05-08,-0.00024223
2024-05-09,-0.00044805
2024-05-10,-0.00062578
2024-05-11,-0.00034971
2024-05-12,-0.00026068
2024-05-13,-0.00026286
2024-05-14,-0.00034415
2024-05-15,-0.000457
2024-05-16,-0.00054183
2024-05-17,-0.00067932
2024-05-18,-0.00016018
2024-05-19,-0.0004952
2024-05-20,-7.797e-05
2024-05-21,0.00035281
2024-05-22,0.00057428
2024-05-23,0.00034232
2024-05-24,0.00042291
2024-05-25,0.0
2024-05-26,0.00023825
2024-05-27,0.00080885
2024-05-28,0.00071842
2024-05-29,0.00044814
2024-05-30,0.00032462
2024-05-31,0.00044317
2024-06-01,0.00086459
2024-06-02,0.00033638
2024-06-03,0.0001337
2024-06-04,0.00038645
2024-06-05,0.00090329
2024-06-06,0.00058406
2024-06-07,-1.679e-05
2024-06-08,-9.609e-05
2024-06-09,-0.00014066
2024-06-10,0.0
2024-06-11,-0.00047302
2024-06-12,-6.42e-05
2024-06-13,-0.00013303
2024-06-14,-0.00065427
2024-06-15,-0.0002563
2024-06-16,-0.00037319
2024-06-17,-0.00069139
2024-06-18,-0.00054956
2024-06-19,-0.00051899
2024-06-20,-0.0001883
2024-06-21,-0.00021149
2024-06-22,-0.00028974
2024-06-23,-0.00015863
2024-06-24,-0.00016141
2024-06-25,-0.00041099
2024-06-26,0.0
2024-06-27,-0.00026101
2024-06-28,-0.00033173
2024-06-29,-0.00055261
2024-06-30,-8.193e-05
2024-07-01,-0.00010019
2024-07-02,0.0
2024-07-03,-0.00037212
2024-07-04,-0.00053097
2024-07-05,-0.00010862
2024-07-06,-0.00032261
2024-07-07,-2.214e-05
2024-07-08,-0.00025115
2024-07-09,-0.00038468
2024-07-10,-0.00039366
2024-07-11,-0.0005125
2024-07-12,-0.00011478
2024-07-13,-0.00011871
2024-07-14,-0.00038051
2024-07-15,-0.00072147
2024-07-16,-0.00031691
2024-07-17,-0.00033514
2024-07-18,-0.00022265
2024-07-19,-0.0002814
2024-07-20,-0.00059939
2024-07-21,-0.00022539
2024-07-22,-0.00021305
2024-07-23,-0.00056145
2024-07-24,-0.00054983
2024-07-25,-0.00068257
2024-07-26,-0.00081394
2024-07-27,-0.00047532
2024-07-28,-0.00018688
2024-07-29,-0.00046361
2024-07-30,-0.00060064
2024-07-31,-0.00067285
2024-08-01,-0.00111542
2024-08-02,-0.00114294
2024-08-03,-0.00013576
2024-08-04,-0.00024079
2024-08-05,-0.00144251
2024-08-06,-0.00086058
2024-08-07,0.0
2024-08-08,-0.00054363
2024-08-09,-0.00059702
2024-08-10,-0.00056047
2024-08-11,-0.00059339
2024-08-12,-0.00107085
2024-08-13,-0.0011852
2024-08-14,-0.00032683
2024-08-15,-0.00024062
2024-08-16,-0.00025642
2024-08-17,-0.0007365
2024-08-18,-0.00068995
2024-08-19,-0.00068701
2024-08-20,-0.00016585
2024-08-21,-5.982e-05
2024-08-22,-0.00029014
2024-08-23,-6.499e-05
2024-08-24,-0.00079263
2024-08-25,-6.164e-05
2024-08-26,-4.068e-05
2024-08-27,-0.00074315
2024-08-28,-0.00060672
2024-08-29,-0.00084227
2024-08-30,-1.536e-05
2024-08-31,-0.00104244
2024-09-01,-0.00087097
2024-09-02,-0.00098951
2024-09-03,0.0
2024-09-04,-0.00064036
2024-09-05,-0.00048512
2024-09-06,-0.0001514
2024-09-07,-0.00017538
2024-09-08,-0.00041949
2024-09-09,-0.00042933
2024-09-10,0.0
2024-09-11,-0.00066337
2024-09-12,-0.00079728
2024-09-13,-0.00033065
2024-09-14,1.442e-05
2024-09-15,-0.00066522
2024-09-16,-0.0004253
2024-09-17,-0.00101563
2024-09-18,0.0
2024-09-19,0.00012644
2024-09-20,-0.00018744
2024-09-21,-0.00095642
2024-09-22,-0.00075832
2024-09-23,-0.0005285
2024-09-24,-0.0001962
2024-09-25,-0.00023026
2024-09-26,-0.0001843
2024-09-27,-0.00026964
2024-09-28,-0.000359
2024-09-29,-0.00074822
2024-09-30,-0.00071084
2024-10-01,-0.0001434
2024-10-02,-0.0012581
2024-10-03,-0.00095615
2024-10-04,-0.00049466
2024-10-05,-8.307e-05
2024-10-06,-0.0002571
2024-10-07,-0.00018046
2024-10-08,-0.00018007
2024-10-09,0.0
2024-10-10,-0.00046956
2024-10-11,-0.00040878
2024-10-12,-0.00060504
2024-10-13,-0.00017627
2024-10-14,-9.015e-05
2024-10-15,0.00043349
2024-10-16,0.00022764
2024-10-17,-0.00010679
2024-10-18,0.00035033
2024-10-19,0.0
2024-10-20,0.0
2024-10-21,0.00052194
2024-10-22,0.00047657
2024-10-23,-0.00010864
2024-10-24,0.00039802
2024-10-25,-0.00018234
2024-10-26,0.0
2024-10-27,-0.00023432
2024-10-28,-3.155e-05
2024-10-29,0.00032968
2024-10-30,0.00026363
2024-10-31,0.00020523
2024-11-01,-0.00021177
2024-11-02,0.0
2024-11-03,-0.00050669
2024-11-04,-0.00047776
2024-11-05,-0.00017266
2024-11-06,0.00012777
2024-11-07,0.00025725
2024-11-08,0.00036031
2024-11-09,0.00031816
2024-11-10,0.00060638
2024-11-11,0.00104501
2024-11-12,0.00024942
2024-11-13,0.0005355
2024-11-14,0.0
2024-11-15,0.00096221
2024-11-16,0.0007001
2024-11-17,0.00066586
2024-11-18,0.00119997
2024-11-19,0.00058033
2024-11-20,0.0
2024-11-21,0.00055147
2024-11-22,0.0005801
2024-11-23,0.0004831
2024-11-24,0.00087541
2024-11-25,0.00089834
2024-11-26,0.00075587
2024-11-27,0.00050613
2024-11-28,0.00056733
2024-11-29,0.00074737
2024-11-30,0.00055688
2024-12-01,0.00121422
2024-12-02,0.00091235
2024-12-03,0.00045798
2024-12-04,0.00121335
2024-12-05,0.00082048
2024-12-06,0.00116916
2024-12-07,0.00088174
2024-12-08,0.00063452
2024-12-09,-0.00012941
2024-12-10,-0.00032069
2024-12-11,0.0
2024-12-12,-0.00095077
2024-12-13,-1.224e-05
2024-12-14,-0.00057712
2024-12-15,0.00048721
2024-12-16,-0.00029881
2024-12-17,0.0
2024-12-18,-0.00032173
2024-12-19,-0.00072525
2024-12-20,-0.00053922
2024-12-21,0.0
2024-12-22,-0.00054773
2024-12-23,-0.00042605
2024-12-24,0.0
2024-12-25,7.056e-05
2024-12-26,-0.00017361
2024-12-27,0.0
2024-12-28,-0.00083329
2024-12-29,-0.0003671
2024-12-30,-0.00077812
2024-12-31,-0.00033477
